
<DOC>
<DOCNO>WT02-B23-100</DOCNO>
<DOCOLDNO>IA017-000187-B027-232</DOCOLDNO>
<DOCHDR>
http://www.comptia.org:80/aplus.htm 198.115.138.17 19970106104835 text/html 101936
HTTP/1.0 200 OK
Server: Purveyor Encrypt Domestic/v1.2.3 Windows NT
MIME-version: 1.0
Content-type: text/html
Date: Mon, 06 Jan 1997 11:20:36 GMT
Last-modified: Sunday, 27-Aug-95 02:11:29 GMT
Content-length: 101712
</DOCHDR>
<HTML>
<HEAD>
<TITLE>
aplus.htm
</TITLE>
<META NAME = "GENERATOR" CONTENT = "Live Markup from MediaTech">
</HEAD>
<BODY BGCOLOR = "#8080FF" LINK = "#800000">
<P></P>
<CENTER><IMG SRC = "http://www.comptia.org/!ctiapro.gif"></CENTER><HR>
<CENTER><H1>A+ Authorized Service Centers</H1></CENTER>
<PRE> 
Signifying their commitment to computer service quality and excellence, the 
companies in this listing have earned the designation as A+Authorized Service 
Centers.  In order to do so, they must have 50% or more of their computer 
service technicians become A+ Certified.  These organizations have shown that 
they are proud to employ A+Certified technicians.  We encourage you to seek 
out their expertise to help solve your information technology service 
problems.

ALABAMA

Abe Nieszwiecki, Pres.
Axiom Computer Services Inc.
21771 Oakland Meadows Dr.
Athens, AL 35611
(205) 230-3402
Fax (205) 230-6383

Kirk Bishop, Serv. Mgr.
Independent Computer Services
501 S. Wood Ave.
Florence, AL 35630-0443
(205) 760-8239
Fax (205) 760-8639

Jerry R. Threet, Serv. Mgr.
Madison Books & Computers Inc.
526 E. College St.
Florence, AL 35630
(205) 764-8788
Fax (205) 764-8683

George Mitchell, Serv. Mgr.
AmeriData
600 BelAir Blvd., Suite 112
Mobile, AL 36606
(205) 470-0470
Fax (205) 470-0540

Ricky Cobb, Serv. Mgr.
AmeriData
4115 Carmichael Road
Montgomery, AL 36106
(205) 271-2211
Fax (205) 279-6797

Toby Hensley, Serv. Mgr.
Connecting Point
94 McFarland Blvd.
Northport, AL 35476
(205) 758-2000
Fax (205) 345-5525

ARKANSAS

Dexter Bates, Serv. Mgr.
Computer Bay
4979 Old Greenwood
Fort Smith, AR 72903
(501) 646-6448
Fax (501) 646-4625

Bryan C. Martin, Serv. Mgr.
Complete Computing Inc.
400 W. 7th St.
Little Rock, AR 72201
(501) 372-3379
Fax (501) 396-3190 

Ron Atchison, Serv. Mgr.
Entex Information Services
214 M.L.King Dr., Suite B
Little Rock, AR 72201
(501) 374-5575
Fax (501) 374-5705

David Shaw, Serv. Mgr.
Vanstar
7408 S. University
Little Rock, AR 72209
(501) 565-5576

ARIZONA

Keith Kinder, Serv. Mgr.
CompUSA
1357 S. Alma School Road
Mesa, AZ 85210
(602) 461-5405
Fax (602) 461-5449

Bryan Reece, Serv. Mgr.
MicroAge Computer Stores
1855 W. Baseline Road, Suite 190
Mesa, AZ 85202
(602) 897-1919
Fax (602) 897-2172

R. E. (Bob) McKeon, VP/COO
Nie International Inc.
3000 E. Chambers
Phoenix, AZ 85040
(602) 470-1500
Fax (602) 470-1540

Wes Slimmer, Serv. Mgr.
Random Access Inc.
9014 N. 23rd Ave., Suite 5 & 6
Phoenix, AZ 85021
(602) 944-1000
Fax (602) 944-1991

Mark King, Serv. Mgr.
MicroAge Computer Stores
8683 E. Via De Negocio
Scottsdale, AZ 85258-3330
(602) 483-9550
Fax (602) 998-9647

Marc Sahr, Serv. Ctr. Mgr.
Preferred Computer Care
10255 N. Scottsdale Road, Suite 1
Scottsdale, AZ 85268
(602) 443-4014
Fax (602) 443-4336

Thad Morris, Serv. Mgr.
ASU TCS Tech Shop, Box 870201
Tempe, AZ 85287-0201
(602) 965-1207
Fax (602) 965-8547

Greg Eng, Serv. Mgr.
Continental Business Systems Inc.
1910 S. Priest Dr., # 101
Tempe, AZ 85281
(602) 894-0306
Fax (602) 894-0315

Kelli Garner, Serv. Mgr.
Preferred Computer Care Inc.
234 W. Southern Ave.
Tempe, AZ 85283
(602) 966-3161
Fax (602) 966-9807

Randy See, Serv. Mgr.
Preferred Computer Care Inc.
234 W. Southern Ave.
Tempe, AZ 85282
(602) 966-3161
Fax (602) 966-9807

Jack Thompson, Serv. Mgr.
Computers Plus
4508 E. Broadway Blvd.
Tucson, AZ 85711
(602) 326-5900
Fax (602) 326-0748

Mark Fell, Serv. Mgr.
Wang
3265 E. Speedway
Tucson, AZ 85716
(800) 525-7424
Fax (303) 689-9547

CALIFORNIA

Wayne Tang, Serv. Mgr.
KnowledgeBase Inc.
28720 Road Side Dr., Suite 200
Agoura Hills, CA 91301-93319
(818) 879-6142
Fax (818) 879-6146

Mel Raab, Pres.
Automagic
195 S. Beverly Dr., Suite 406
Beverly Hills, CA 90212
(310) 552-2101
Fax (310) 275-1550

Donald Baxter, Serv. Mgr.
MicroAge - The Corporate Center
12627 Hidden Creek Way
Cerritos, CA 90703
(310) 802-8000
Fax (310) 802-8020

Jeff Thau, Owner
J.W. Thau Consulting
10031 Larwin Ave.
Chatsworth, CA 91311-7404
(818) 882-5606

Bryan Bonser, Serv. Mgr.
Pigmon's Computer Services
2201 Pillsbury Road, Suite E-2
Chico, CA 95926
(916) 345-3788
Fax (916) 345-1404

Codi Hart, Reg'l. Serv. Mgr.
AmeriData
1150 Contra Costa Blvd.
Concord, CA 94523
(510) 686-2600
Fax (510) 680-0177

Dean Sheets, Serv. Mgr.
Vanstar
1590 Solano Way
Concord, CA 94520
(510) 246-0225
Fax (510) 687-1094

Bruce Hermansen, Dist. Mgr.
Memorex Telex Corp.
3233 N. Chestnut Ave., # 102
Fresno, CA 93627
(415) 572-9600
Fax (415) 574-1076

Gary Quick, Dir. of Serv. Opers.
ValCom Computer Center
7575 N. Del Mar Ave., Suite 102
Fresno, CA 93711-6857
(209) 436-6420
Fax (209) 436-6414

Eric Jones, Serv. Mgr.
Computer Bay
5401 Commercial Dr.
Huntington Beach, CA 92649
(714) 891-4717
Fax (714) 891-3213

Jane Lee, Serv. Mgr.
ValCom Computer Center
17518 Von Karman Ave.
Irvine, CA 92714
(714) 261-1500
Fax (714) 261-1139

Robert A. Gibson, Tech. Serv. Dir.
CorpInfo Service /
MicroAge Century City
11840 Olympic Blvd.
Los Angeles, CA 90064
(310) 551-8230
Fax (310) 552-3827

Glenn Reinicke, Serv. Mgr.
Connecting Point Mission Viejo
24002 Via Fabricante , Suite 201
Mission Viejo, CA 92691
(714) 768-1551
Fax (714) 768-4541

Nate Howard, Owner
Howard Computer Support
905 Helen Ave.
Modesto, CA 95350
(209) 573-7788

Jack Walker, Serv. Mgr.
ComputerLand
5505 Moreno St.
Montclair, CA 91763-1656
(909) 946-4774
Fax (909) 946-4868

Damian Potesta
CompUSA
5234 New Park Plaza
Newark, CA 94546
(510) 494-4104
Fax (510) 494-4145

Skip Sargent, Serv. Mgr.
General Software
8635 Crebs Ave.
Northridge, CA 91324
(818) 349-7758
Fax (818) 885-7712

John Gober, Serv. Mgr.
Jadtec Computer Group
1520 W. Yale Ave.
Orange, CA 92667
(714) 637-2900
Fax (714) 637-6214

Steve McGrew, Tech. Mgr.
CompUSA
2241 N. Rose Ave.
Oxnard, CA 93030
(805) 953-9898
Fax (805) 988-3198

Gil Lucas, Serv. Mgr.
Computer Resources for Business
41-905 Boardwalk, Suite W
Palm Desert, CA 92211
(619) 328-4158
Fax (619) 568-3907

Ed Kutsner, Serv. Mgr.
Vanstar
3140 Gold Camp Dr., Suite 30
Rancho Cordova, CA 95670-6023
(916) 441-4430
Fax (916) 485-1409

Michael Maciejunes, Serv. Mgr.
Finder, The
1908 Rockefeller Lane, # 2
Redonda Beach, CA 90278
(310) 798-3664
Fax (310) 376-2440

Frances Yau, Tech. Mgr.
CompUSA
1611 Hawthorne Blvd.
Redondo Beach, CA 90254
(310) 793-9955
Fax (310) 793-7545

Carl Barry, Serv. Mgr.
Computer Attic
2682 Middlefield Road , Unit D
Redwood City, CA 94061
(415) 568-5617
Fax (415) 568-5656
Fred Haton, Serv. Mgr.

Venture Group
3840 Myers St.
Riverside, CA 92503
(909) 352-9334
Fax (909) 352-9393

Jesse Piper, Pres.
MPS Inc.
213 Kenroy Lane, #9
Roseville, CA 95678
(916) 786-6550
Fax (916) 786-6568

Codie Hart, Reg'l. Serv. Mgr.
AmeriData
1029 J St., Suite 100
Sacramento, CA 95814-2825
(916) 557-4400
Fax (916) 443-8315

Val Pruder, Sr. Dir., Tech. Svs.
CompUSA
2000 Howe Ave.
Sacramento, CA 95825
(916) 648-3662
Fax (916) 565-6048

Pete Deminsky, Serv. Mgr.
Digital Equipment Corp.
9719 Lincoln Village Dr., # 406
Sacramento, CA 95828
(916) 361-6528
Fax (916) 361-6528

Darryl Johnson, VP
Softwaire Centre International - MicroAge
800 Howe Ave.
Sacramento, CA 95825
(916) 925-3337
Fax (916) 925-4877

Doug Lutes, Mgr.
Tandy Service 40-7861
2040 Alta Arden Expwy.
Sacramento, CA 95825
(916) 567-5440
Fax (916) 927-9008

Dan Kash, Tech. Serv. Mgr.
CompUSA 
625 Hospitality Lane
Tri City Shopping Center
San Bernardino, CA 92408
(909) 387-1505
Fax (909) 387-1549

Allan Wong, Tech. Support Mgr.
CompUSA
1250 El Camino Real #M3
San Bruno, CA 94066-1303
(415) 244-4700
Fax (415) 244-4761

Michael C. Ratermann, Owner
Expert Micro Systems
P.O. Box 4144
San Clemente, 92672
(714) 588-4724
Fax (714) 368-2518

Mike Roman, Serv. Mgr.
AmeriData
6480 Weathers Place, Suite 300
San Diego, CA 92121
(619) 677-0900
Fax (619) 677-9495

Ken Greene, Lead Engineer
CompuCom
9255 Towne Center Dr., #105
San Diego, CA 92121
(619) 622-0290
Fax (619) 622-0343

Dan Thorne, Serv. Mgr.
CompUSA
5630 Kearney Mesa Road
San Diego, CA 92111
(619) 560-4300
Fax (619) 560-7850

Dean Cardenas, Serv. Mgr.
ComputerLand
4237 Convoy St.
San Diego, CA 92111
(619) 560-9912
Fax (619) 560-9129

Dean Cardenas, Serv. Mgr.
ComputerLand
5710 Ruffin Road
San Diego, CA 92123
(619) 560-1400
Fax (619) 492-1416

R. Frank Tulak, Gen'l. Mgr.
Ibex Inc.
4910 Magnus Way, Suite B
San Diego, CA 92113
(619) 264-4778
Fax (619) 264-3019

Herbert Smith, Dist. Mgr.
Novadyne Computer Systems Inc.
8977 Complex Dr., Suite C
San Diego, CA 92123
(619) 560-7915
Fax (619) 560-7966

Tim Hensler, Serv. Mgr.
Tandy Service
4240 Kearny Mesa Road
San Diego, CA 92111
(619) 467-6179
Fax (619) 467-6182

David Koenig, Dir. Marketing
Training Directions
13964 Mennonite Pt.
San Diego, CA 92129-3134
(619) 538-9420x412
Fax (619) 538-9420

Sharn Sexton, Owner
UPTIME Computer Services
4951-D Clairemont Sq. #261
San Diego, CA 92117
(619) 270-5459

Fax (619) 270-5459
John D. Roush, Gen'l. Mgr.
Netcon, a div. of Low Tech Automation Inc.
2784 S. Bascom Ave.
San Jose, CA 95124
(408) 369-6911
Fax (408) 369-0949

Robert Greer, Tech. Mgr.
CompUSA
3561 El Camino Real
Santa Clara, CA 95051
(408) 554-1733
Fax (408) 345-4162

Herbert Smith, Dist. Mgr.
Novadyne Computer Systems Inc.
10012 Norwalk Blvd., Suite 110
Santa Fe Springs, CA 90670
(310) 944-7962
Fax (310) 946-0756

T. Howard Knight, Serv. Mgr.
Springboard Management Corp.
14431 Ventura Blvd., Suite 201
Sherman Oaks, CA 91423
(818) 780-5100
Fax (818) 780-6315

Ed Mikhael, Mgr.
Jade Computer Products
18503 Hawthorne Blvd.
Torrance, CA 90504
(310) 370-7474
Fax (310) 371-4288

Bill Vasilion, VP
MicroAge Corporate Systems Centre
1860 Carson St., Suite 103
Torrance, CA 90501
(310) 320-4934
Fax (310) 320-4646


Barry D. Myerson, VP
MicroAge Van Nuys
8120 Balboa Blvd.
Van Nuys, CA 91406-1135
(818) 779-2520
Fax (818) 779-2530

Kim Bone, Serv. Mgr.
Inacomp Computer Centers
3380 Industrial Blvd., Suite 100
West Sacramento, CA 95691
(916) 371-8031
Fax (916) 371-3415

Dan Prindes, Serv. Mgr.
CompUSA
6400 Owensmouth Ave.
Woodland Hills, CA 91367
(818) 226-1400
Fax (818) 226-1449

Kevin H. Devin, Serv. Mgr.
Ein Stein's Computers
486 Bridge St., Suite H
Yuba City, CA 95991
(916) 671-7444
Fax (916) 671-6780

COLORADO

Dalena Temple, Pres.
Aurora Computer Service Inc.
4840 S. Richfield Cir.
Aurora, CO 80015
(303) 680-3623
Fax (303) 680-3623

Eugene Bynes Jr., Mgr.
Bynes Information Systems Services
13685 E. Dakota Ave.
Aurora, CO 80012-2425
(303) 343-7922
Fax (303) 367-1847

Ben Johnson, Serv. Mgr.
CompUSA
15660 E. 6th Ave.
Aurora, CO 80011
(303) 367-2600
Fax (303) 367-2676

John Horvath, Dist. Mgr.
HFSI - Colorado Springs
5725 Mark Dabling Blvd., Suite 222
Colorado Springs, CO 80919
(719) 599-9292
Fax (719) 590-9081

Lesley Taufer, VP Tech. Serv.
Ciber Network Services, Network Dynamics
7100 N. Broadway 2L
Denver, CO 80221
(303) 426-5545
Fax (303) 657-1744

Bob Miller, Serv. Mgr.
A+ Computer Centers Inc.
410 W. Hampden Ave.
Englewood, CO 80110
(303) 783-8971
Fax (303) 783-8975

Alan Appelbaum, Svs. Mgr.
Computer Access
393 Inverness Dr., S.
Englewood, CO 80112
(303) 799-4000
Fax (303) 754-5001

Bryan Edinger / P.J. King, 
Serv. Mgrs.
PC Performance Centers (PC1)
7969B E. Arapahoe Road
Englewood, CO 80112
(303) 771-4551
Fax (303) 771-7870

Daniel Schmied, Serv. Mgr.
Vanstar
7100 E. Belleview Ave., Suite 107
Greenwood Village, CO 80111-1634
(303) 752-8300
Fax (303) 752-8397

James Margiotta, Serv. Mgr.
Compuer Alliance
1515 S. Sheridan
Lakewood, CO 80232
(303) 727-8708
Fax (303) 727-8979

Chris Ditmarsch, Serv. Mgr.
PC LAN'd Inc.
5501 S. Broadway, Suite 185
Littleton, CO 80121
(303) 730-3466
Fax (303) 730-7652

Matt Smith / P.J. King, Serv. Mgrs.
PC Performance Centers (PC3)
5066 S. Wadsworth, # 117
Littleton, CO 80123
(303) 933-7320
Fax (303) 933-1600

Barton McLaughlin, Serv. Mgr.
ValCom/Pilot Computers
1025 Lincoln, Box 4488
Steamboat Springs, CO 80477
(303) 879-6450
Fax (303) 879-1599

Stan Koerner / P.J. King, Serv. Mgrs.
PC Performance Centers (PC2)
5660 W. 88th Ave.
Westminster, CO 80030
(303) 650-9190
Fax (303) 650-2241

CONNECTICUT

John M. Zaniewski, Serv. Mgr.
Advanced Electronics - A Computer Support Company
45 Irving St.
Bristol, CT 06010
(203) 582-9577
(203) 582-4189

Barry Goldstein, Owner/Pres.
MicroAge Computer Center
355 Federal Road
Brookfield, CT 06804
(203) 775-6885
Fax (203) 740-7445

James D. Robinson, Serv. Mgr.
Micro Solutions Inc.
30 Main St., Suite 502
Danbury, CT 06810
(203) 748-4633
Fax (203) 797-9849

John Smuda, Serv. Mgr.
New Technology Systems
111 Roberts St., Suite K
East Hartford, CT 06108
(203) 282-0338
Fax (203) 282-6018

Bruce Bregonzio, Team Leader
Harris Adacom Network Services
2 Craftsman Road, # 15
East Windsor, CT 06088
(203) 623-6100
Fax (203) 292-6703

Steven Savinelli, Tech. Mgr.
CompUSA
360 Connecticut Ave.
Norwalk, CT 06854-1801
(203) 852-7005
Fax (203) 855-7049
Steve Smullen, Serv. Mgr.

Entex
295 Westport Ave.
Norwalk, CT 06851
(203) 840-1920
Fax (203) 840-1181

Kenneth Mauriello, Pres.
Connecticut Micro Services Inc.
161 Davis St.
Oakville, CT 06779
(203) 274-5775
Fax (203) 274-6966

Matthew Yurksaitis, Tech. Mgr.
CompUSA
301 The Boston Post Road
Kidstuff Bldg.
Orange, CT 06477-3507
(203) 795-1848
Fax (203) 799-4849

Jera Lipman, Serv. Mgr.
Lipman Computers/TCBC
Vernon Commons (Lower Level)
520 Hartford Tnpk., Suite J-2
Vernon, CT 06066
(203) 870-8480
Fax (203) 870-8460

Reggie Clarke, Serv. Mgr.
Bull HN Information Systems
340 Broad St.
Windsor, CT 06095
(203) 688-7214
Fax (203) 688-0206

DISTRICT OF COLUMBIA

Charles Jenkins, Dist. Mgr.
BancTec Service Corp.
1612 K St. N.W.
Washington, DC 20037
(202) 659-0369
Fax (301) 680-3431

DELAWARE

Vincent Russo, Pres.
Delaware Repair Service
3503 Philadelphia Pike
Claymont, DE 19703
(302) 798-3339
Fax (302) 798-3349

FLORIDA

Aaron Nightsmith, Serv. Mgr.
Manchester Equipment
902 Clint Moore Road, Suite 144
Boca Raton, FL 33487
(407) 241-7900
Fax (407) 241-8085

Edward Gancar, Serv. Mgr.
National Data Products Inc.
2145 Calumet St.
Clearwater, FL 34625
(813) 562-2200
Fax (813) 562-2365

Thomas Nieft, Field Serv. Engineer
Digital Equipment Corp.
P.O. Box 1393
Eglin A.F.B., FL 32542
(904) 897-6817
Fax (904) 897-3839

Ray Chiappelli, Serv. Mgr.
Systems Maintenance Inc.
3900 N. Andrews Ave.
Fort Lauderdale, FL 33309
(305) 564-5789
Fax (305) 561-9399

Jim Jourdan, Serv. Mgr.
Vanstar Corp.
3201 W. CommercialBlvd., # 134
Fort Lauderdale, FL 33309
(305) 733-4424
Fax (305) 733-9553

Mark Dumka, Serv. Mgr.
Entr‚ Computer Center
4350 Fowler St., Suite 1
Fort Myers, FL 33901
(813) 275-9119
Fax (813) 275-0986

Chris Meyers, Serv. Mgr.
ComputerLand
3911 N.W. 13th St., Suite B
Gainesville, FL 32609-1938
(904) 371-2840
Fax (904) 371-2842

Richard Leon, Serv. Mgr.
Technology Plus/Computer Bay
6157 N.W. 167th St., Suite F-12
Hialeah, FL 33015
(305) 654-0990
Fax (305) 654-0992

Edward Miller, Serv. Mgr.
Informa Unlimited Inc.
2700 N. 29th Ave., # 101
Hollywood, FL 33020
(305) 929-2500
Fax (305) 929-2600

John Nelson, Serv. Mgr.
National Data Products
2455 Hollywood Blvd., Suite 122
Hollywood, FL 33020
(305) 925-3383
Fax (305) 925-9770

Kenny Carlisle, Mgr.
Advanced Computer Support
1660 S. Lane Ave., Suite 9
Jacksonville, FL 32210
(904) 781-6904
Fax (904) 781-6891

Matt Henry, Tech. Mgr.
CompUSA
9244 Arlington Expwy., Unit A
Jacksonville, FL 32225
(904) 855-1005
Fax (904) 855-1048

Thomas Trumble, Serv. Mgr.
Komputer Kingdom
4026 University Blvd. Ct.
Jacksonville, FL 32217
(904) 281-9940
Fax (904) 296-9414

Walter Luna, Network Admin.
Arcada Software
37 Skyline Dr., Suite #1101
Lake Mary, FL 32746
(407) 262-8155
Fax (407) 262-8147

Connie A. Nickerson, Pres.
Computerland
2525 Dranefield Road, Suite 10
Lakeland, FL 33811
(813) 644-1120
Fax (813) 647-5563

Keith Gittenos, Pres.
Bytes Computer Service Inc.
3698 1/2 N.W. 16th St.
Lauderhill, FL 33311
(305) 791-6678
Fax (305) 791-0281

John Hand, Serv. Mgr.
Innovative Computer Service Inc.
3170 N. Federal Hwy. #115
Lighthouse Point, FL 33064
(305) 781-5933
Fax (305) 781-5923

Ian Kaplan, Serv. Mgr.
Victor & Associates Inc.
824 Bennett Dr., Suite102
Longwood, FL 32750
(407) 331-3332
Fax (407) 831-2282

David Wells, Serv. Mgr.
Bethco Inc.
151 Southall Lane
Maitland, FL 32751
(407) 875-1741
Fax (407) 875-3223

Dave Respet, Serv. Mgr.
Digital Equipment Corp.
1333 Gateway Dr., Suite 1026
Melbourne, FL 32901
(407) 676-7450
Fax (407) 676-7425

David Kotchenrather, Serv. Mgr.
Digital Business Systems Inc.
7034 N.W. 50th St.
Miami, FL 33166
(305) 592-6167
Fax (305) 592-6325

Luis G. Ordonez, Serv. Mgr.
ICS Service of Miami
7146 N.W. 72 Ave.
Miami, FL 33166
(305) 888-3007
Fax (305) 888-0703

Bob Newman, Serv. Mgr.
Bull HN Information Systems
14505 Commerce Way, Suite 450
Miami Lakes, FL 33016
(305) 824-0002
Fax (305) 820-1739

Jon A. Kilpatrick, Serv. Mgr.
Computer Repair Depot Inc.
2373 J & C Blvd., Unit 3
Naples, FL 33942
(813) 592-6285
Fax (813) 592-0280

Morley Weinberg, Gen'l. Mgr.
Brandsmart Service Corp.
4950 N.W. 167th St.
North Miami, FL 33014
(305) 628-8328
Fax (305) 628-8316

Rick Richbourg, Serv. Mgr.
Advanced Computer Support, Inc.
805 Virginia Dr.
Orlando, FL 32803
(407) 896-8155
Fax (407) 897-6603

Tom Parham, F.E.
CompuSupply Inc.
4407 Vineland Road, Suite D-4
Orlando, FL 32811
(407) 649-6490
Fax (407) 649-0109

Dack Cole, VP of Sales
Micro Computer Dynamics
1208 N. Mills Ave., Suite D
Orlando, FL 32803
(407) 898-6529
Fax (407) 898-0285

Mike Monjure, Serv. Mgr.
NDP (National Data Products)
6355 Metro West Blvd., #260
Orlando, FL 32835
(407) 296-0393
Fax (407) 296-2193

Dennis Sloatman, Serv. Mgr.
Systems Maintenance Inc.
1950 Lee Road, Suite 117
Orlando, FL 32789
(407) 644-9034
Fax (407) 644-2646

James Cooper, VP
Uptime Computers
102 Drennen Road, Suite B-3
Orlando, FL 32806
(407) 856-9262
Fax (407) 856-5833

Henry Matutino, Serv. Mgr.
Vanstar Corp.
201 E. Pine St., Suite 950
Orlando, FL 32801
(407) 849-2203
Fax (407) 841-2892

Neal Johnson, System Engineer
Computer Resources
1301 10th St. E., Suite C
Palmetto, FL 34221
(813) 729-0622
Fax (813) 729-0568

Stuart Cantin, Pres.
PC Concepts
10097 Cleary Blvd., Suite 307
Plantation, FL 33324
(305) 424-3602
Fax (305) 424-3602

Marylou Krentsman, Serv. Mgr.
Entr‚ Computer Center
2331 Fourth St., N.
St. Petersburg, FL 33704
(813) 823-7726
Fax (813) 894-2282

Kenneth S. Mack, Mgr.
Tandy Services
12751 W. Sunrise Blvd.
Sunrise, FL 33323
(305) 845-1070
Fax (305) 845-1069

David Dodson, Sr. Tech.
AmeriData
525 John Knox Road, Suite C
Tallahassee, FL 32303
(904) 385-4660

Joel M. Barredo, Serv. Mgr.
National Data Products Inc.
124 Marriott Dr., Suite 105
Tallahassee, FL 32301
(904) 942-5400
Fax (904) 878-5710

Don Baker, Tech. Mgr.
CompUSA
3617 W. Hillsborough Ave.
Tampa, FL 33614
(813) 877-4777
Fax (813) 878-7081

John Horsley, Serv. Mgr.
Systems Maintenance Inc.
5100 W. Kennedy Blvd., Suite 155
Tampa, FL 33609
(813) 282-1000
Fax (813) 281-8844

Cliff Ashley, Serv. Mgr.
Vanstar
5411 Beaumont Center Blvd.
Suite 720
Tampa, FL 33634-5207
(813) 882-0362
Fax (813) 882-9085

Julio Sanchez, Serv. Mgr.
Waldec Group, The
5050 W. Lemon St.
Tampa, FL 33608
(813) 282-4056
Fax (813) 289-8088

Alan K. Andre, Serv. Mgr.
DISC Inc.
3910 S. Washington Ave.
Titusville, FL 32780
(407) 269-4110
Fax (407) 269-0750

Bob Gaskin, Serv. Mgr.
CompUSA
2021 Okeechobee Blvd.
Okee Sq.
West Palm Beach, FL 33409
(407) 688-9955
Fax (407) 640-1949

Dennis Sloatman, Serv. Mgr.
Systems Maintenance Inc.
1850 Lee Road, Suite 117
Winter Park, FL 32789
(407) 644-9034
Fax (404) 644-2646

GEORGIA

Robert E. Taylor, Serv. Mgr.
ComputerLand of Albany
2800 Old Dawson Road
Albany, GA 31707
(912) 435-0062
Fax (912) 435-8558

Jay Stewart, Serv. Mgr.
Digital Equipment Corp.
1 Coca-Cola Plz., USA 205A
Atlanta, GA 30313
(404) 515-7709
Fax (404) 515-5758

Shirley Tyldesley, Serv. Mgr.
Digital Equipment Corp. Servicenter
4000 Dekalb Technology Pkwy.
Bldg. 400 Suite 440
Atlanta, GA 30340
(404) 454-0697
Fax (404) 454-0689

Michael A. Sos, Serv. Mgr.
IBM Remote Support
1000 Parkwood Cir.
Atlanta, GA 30339
(404) 984-5424
Fax (404) 984-5599

Ron Daniel, Serv. Mgr.
MICRO-FIX INC.
6175 Barfield Road, N.E., Suite 100
Atlanta, GA 30328
(404) 252-7778

Don Sharek, Dist. Mgr.
Novadyne Computer Systems
4000 Dekalb Technology Pkwy.
Bldg. 400
Atlanta, GA 30340
(404) 451-1656
Fax (404) 451-4752

Wayne Cantrell, Pres.
Systems Maintenance Inc.
3785 Presidential Pkwy., Suite 101
Atlanta, GA 30340
(404) 451-8008
Fax (404) 451-5272

Jon Barnes, Serv. Mgr.
Vanstar
120 Interstate N. Pkwy., E.
Bldg. 200, Suite 226
Atlanta, GA 30339-2156
(404) 859-0755
Fax (404) 859-0160

James Dougherty, Serv. Mgr.
Comtec Inc.
312 S. Lewis St
LaGrange, GA 30240
(706) 884-3390
Fax (706) 884-2716

Frank Etheridge, Service Mgr.
Professional Computer 
Maintenance Inc.
104 Lukken Industrial Dr., W. 
LaGrange, GA 30240
(706) 882-1948
Fax (706) 882-8724

Cliff Dunaway, Pres.
Computer Services Assoc. Inc.
3268 Willowdale Dr.
Macon, GA 31204
(912) 477-0503
Fax (912) 477-0933

Brad Ascar, Dir. Tech. Opers.
The Printer Showcase Inc.
1720 Cumberland Pt. Dr. #12
Marietta, GA 30067
(404) 850-0813
Fax (404) 952-8563

Scott Smith, Tech. Serv. Spv.
Entr‚ Computer Center
6649 Peachtree Industry Blvd.
Norcross, GA 30092
(404) 263-6873
Fax (404) 449-0778

Michael Hannon, Dist. Mgr.
Harris Adacom Network Services / Southeast Dist.
1670 Oakbrook Dr., Suite 370
Norcross, GA 30093
(404) 246-0065
Fax (404) 417-1020

Cathy D. Bennett, Mgr.
Tandy Service 40-7193
1412 Oakbrook Drive, Suite 185
Norcross, GA 30093
(404) 734-9170
Fax (404) 734-9271

Debbie Hunt, Serv. Mgr.
ComputerSouth
101 Crossings, E.
Peachtree, GA 30269
(404) 487-3859
Fax (404) 487-8777

Lee Bailey, Tech. Mgr.
CompUSA
1425 Market Blvd. #200
Kings Market Sq.
Roswell, GA 30076
(404) 640-6990
Fax (404) 640-5849

Mark Berry, Serv. Engineer
Mericom Systems Inc. / AmeriData
112 Oglethorpe Ct., Suite 4
Savannah, GA 31406
(912) 355-9300
Fax (912) 355-9777

Karen Bean, Serv. Mgr.
Wang Labs - 
Customer Support Center
2300 Lake Park Dr., Suite 400
Smyrna, GA 30080
(800) 448-9264
Fax (404) 432-1406

HAWAII

Lester M. Enomoto, Dist. Mgr.
HFS Inc.
3015 Koapaka St.
Honolulu, HI 96819
(808) 831-1620
Fax (808) 837-7719

William Lee, Serv. Mgr.
Maintec Inc.
2412 Rose St., Suite 102
Honolulu, HI 96819
(808) 842-1220
Fax (808) 848-4659

IOWA

Troy Anderson, Serv. Mgr.
Beacon MicroCenter Inc.
213 Lincoln Way
Ames, IA 50010
(515) 233-4807
Fax (515) 233-3723

Jed A. Moran, CSE
Bull Worldwide Information Systems
4403 1st Ave. S.E.
Cedar Rapids, IA 52402
(319) 393-9200
Lane Burghoffer, MCS Mgr.

Digital Equipment Corp.
5975 Rockwell Dr. N.E.
Cedar Rapids, IA 52402
(319) 378-3720
Fax (319) 378-3743

John E. Moeller, Serv. Mgr.
Entr‚ Information Systems
1229 1st Ave., S.E.
Cedar Rapids, IA 52402
(319) 366-3600
Fax (319) 366-3115

Patricia Oloff, Serv. Mgr.
Erb's Business Machinces Inc./TCBC
645 32nd Ave., S.W.
Cedar Rapids, IA 52404
(319) 364-5159
Fax (319) 364-2738

John Schriml, Area Mgr.
Wang - Cedar Rapids
4341 1st Ave. S.E., Suite 121
Cedar Rapids, IA 52402
(515) 276-2616

Lane Burghoffer, MCS Mgr.
Digital Equipment Corp.
5231 Grand Ave.
Davenport, IA 52807
(319) 388-3020
Fax (319) 388-3030

Richard Otto,  Serv. Mgr.
Advantage Computer Systems
1509 Michigan St.
Des Moines, IA 50314
(515) 288-2600
Fax (515) 288-6161

Daryl Murphy, Serv. Mgr.
AmeriData Inc. Des Moines
11180 Aurora Ave.
Des Moines, IA 50322
(515) 254-2917
Fax (515) 270-9156

Tom Snyder, Serv. Mgr.
Computer Supply Store Inc., The / Computer Bay
1408 Locust St.
Des Moines, IA 50309-3094
(515) 288-6668
Fax (515) 241-3039

Lane Burghoffer, MCS Mgr.
Digital Equipment Corp.
2600 Westown Pkwy.
Des Moines, IA 50266
(515) 222-2243
Fax (515) 222-2210

Linda K. Johnson, Serv. Mgr.
Tandy Service Center  40-0636
3000 Justin Dr., Suite H
Des Moines, IA 50322
(515) 253-0904
Fax (515) 253-2607

Jeff Roemerman, Gen'l. Mgr.
ComputerLand
102 E. Main, P.O. Box 1346
Ottumwa, IA 52501
(515) 682-5468
Fax (515) 682-5014

Rick Mogren, Serv. Mgr.
ComputerLand
2920 Gordon Dr.
Sioux City, IA 51105
(712) 274-2861
Fax (712) 274-7293

Daniel L. Hockett, Pres.
Computer Company, The
219 W. Mt.Pleasant St., P.O.Box 111
West Burlington, IA 52655-0111
(319) 754-7757
Fax (319) 754-5875

IDAHO

Russ L. Todd, Mgr. of Serv. Opers.
MacMillan & MacMillan of Boise Inc.
4795 Emerald St., Suite L
Boise, ID 83706-2047
(208) 345-8066

Michael A. Sorini, Serv. Mgr.
Random Access Inc.
1509 Tyrell Lane, #D
Boise, ID 83706
(208) 343-6308
Fax (208) 343-7129

Don Thompson, Pres.
Alert Micro Systems Inc.
701 N. 4th St.
Coeur D'Alene, ID 83814
(208) 667-3185
Fax (208) 667-1654

John Jepson, Serv. Mgr.
Creative Edge, The
220 4th St., E., P.O. Box 357
Ketchum, ID 83340
(208) 726-3182
Fax (208) 726-3264

ILLINOIS

Charlie Dynes, Serv. Mgr.
Computer View Inc.
2035 S. Arlington Heights Road 
Suite 121
Arlington Hts., IL 60005
(708) 290-9286
Fax (708) 290-9602

Mike Pugilese, Serv. Mgr.
Digital 
2219 Lakeside Dr.
Bannockburn, IL 60015
(708) 735-2950
Fax (708) 735-2942

Gordon Anson, Serv. Mgr.
Kappel's Connecting 
Point Computer Center
125 E. Main St.
Belleville, IL 62220-1697
(618) 277-2354
Fax (618) 236-3366

Stephen L. Adams, Serv. Mgr.
Bloomington Computer Service Co.
816 S. Eldorado Road, Suite 4
Bloomington, IL 61704
(309) 662-7723
Fax (309) 662-6421

Alan Pietrusiewicz, Asst.Serv. Mgr.
CDW Computer Centers Inc.
1020 E. Lake Cook Road
Buffalo Grove, IL 60089
(708) 291-1166
Fax (708) 291-1737

Sam Pindrik, Serv. Mgr.
Computer Services Group Inc.
67 E. Madison St., Suite 1503
Chicago, IL 60603
(312) 553-2212
Fax (312) 553-2310

Vanita Stevenson, Serv. Mgr.
Digital Equipment Corp.
225 W. Washington, 6th Fl.
Chicago, IL 60007
(312) 419-2859
Fax (312) 419-5519

Don Johnson, Serv. Mgr./VP
IMC Automation Inc.
333 E. Ontario, Suite 307B
Chicago, IL 60611
(312) 664-0622

Robert Letts, Tech. Serv. Mgr.
MicroAge Computer Centers
111 N. Canal St., Suite 190
Chicago, IL 60606
(312) 715-3100
Fax (312) 715-0390

John Schriml, Area Mgr.
Wang 
200 W. Monroe
Chicago, IL 60606
(312) 946-5000
Fax (312) 946-8772

Roger Hughes, Pres.
Inacom Information Systems Inc.
421 N. Vermillion
Danville, IL 61832
(217) 442-1126
Fax (217) 431-8843

Tony Tampasis, Owner
Tampasis Computer Systems Inc.
1920 N. Oakland Ave.
Decatur, IL 62526
(217) 422-0898

Dan Wong, Dist.Serv. Mgr.
Bull HN Information Systems Inc.
2289 S. Mt. Prospect Road
Des Plaines, IL 60018
(708) 391-9705
Fax (708) 391-9704

Brian Davis, Serv. Mgr.
Entex Information Services
655 W. Grand Ave., Suite 370
Elmhurst, IL 60126
(708) 782-8400
Fax (708) 782-8412

Frank Lopez, Serv. Mgr.
Christensen Computer Company Inc.
333-B Waukegan Road
Glenview, IL 60025
(708) 729-0190
Fax (708) 729-3275

Susan Orr, Pres.
Computer Works Inc., The
303-B E. Main St.
Hoopeston, IL 60942
(217) 283-9552
Fax (217) 283-9552

Vince Zemgulys, Sr. Tech.
Data Medics Inc.
723 Hillgrove Ave.
La Grange, IL 60525
(708) 352-9336
Fax (708) 352-9475

Vanita D. Stevenson, Serv. Mgr.
Digital Equipment Corp.
2304 E. 173rd St.
Lansing, IL 60302
(708) 730-5506
Fax (708) 730-5519

Greg Skinner, Serv. Mgr.
Digital Equipment Corp.
7116 Windsor Lake Pkwy.
Loves Park, IL 61111
(815) 282-5950
Fax (815) 282-9867

Jim Shaheen, VP
Premier Computer Services Inc.
4610 44th St.
Moline, IL 61265
(309) 764-7123
Fax (309) 764-7151

Michael J. McCullough, Serv. Mgr.
AMA Systems Inc.
107 Walnut St., P.O. Box 605
Mt. Carmel, IL 62863
(618) 262-4296
Fax (618) 262-4289

James L. Bartlett, VP
Bartlett-Bishop Enterprises Ltd.
1240 Iroquois Ave., Suite 100
Naperville, IL 60563
(708) 355-9554
Fax (708) 355-9652

Bill Kelly, Serv. Mgr.
HFS Inc.
#9 Eagle Center, Suite 2
O'Fallon, IL 62269
(618) 624-4607
Fax (618) 624-7042

Marty Littrell, Serv. Mgr.
CI Systems
106 S. Douglas St., P.O. Box 280
Robinson, IL 62454
(618) 546-5442
Fax (618) 544-3714

Mark Christianson, Serv. Mgr.
Entr‚ Computer Center
4501 E. State St.
Rockford, IL 61108
(815) 399-5664
Fax (815) 399-5717

Michael Boyd, Dist. Mgr.
Memorex-Telex
4242 Harrison Ave.
Rockford, IL 61108
(414) 797-2632

Bruce Elsner, Serv. Mgr.
Fort‚ Computer Services 
1413 Sherman Road
Romeoville, IL 60441
(708) 985-7222
Fax (708) 985-7244

Jim Choate, Tech. Serv. Mgr.
CompUSA
1057 E. Golf Road
Schaumburg, IL 60173
(708) 619-1221 
Fax (708) 619-0333

Timothy F. Evans, Serv. Mgr.
Motorola (System Support Center) Computer Repair
1335A Basswood Road
Schaumburg, IL 60173
(708) 576-7300
Fax (708) 576-2172

Linda Sherwood, Logistics Mgr.
Micro Group Inc.
1305 Wabash Ave., Suite I
Springfield, IL 62704
(217) 787-8818
Fax (217) 787-9188

Michael Lamb, Pres.
MicroAge Computer Centers
993 Clocktower Dr.
Springfield, IL 62704
(217) 793-6252
Fax (217) 793-6260

Steve McCormick,Serv.Mgr.
Inacomp Computer Centers
766 Burr Oak Dr.
Westmont, IL 60559
(708) 920-7300
Fax (708) 920-8274

Douglas McPhilip,Pres.
Rex Service Company Inc.
7030 W. 111th St.
Worth, IL 60482
(708) 448-5558
Fax (708) 448-7396

INDIANA

Steve Connaughton, Serv. Mgr.
Pinnacle Computer Services
640 S. Hebron Ave.
Evansville, IN 47714
(812) 476-6662
Fax (812) 474-2332

Hutch Coxey, Serv. Mgr.
ELEK-TEK Inc.
7710 E. 96th St.
Fishers, IN 46038
(317) 845-5800
Fax (317) 845-8175

Ken Ray, Serv. Mgr.
Tandy Service Center 40-7636
10085 Allisonville Road, Unit 3
Fishers, IN 46038
(317) 577-1830
Fax (317) 577-9055

Philip Shank, Field Eng .II
Bull HN Information Systems Inc.
6427 Oakbrook Pkwy.
Fort Wayne, IN 46825
(219) 482-4178
Fax (219) 471-4037

Terry Winkle, Serv. Mgr.
Entex Information Services
305 Airport North Office Park
Fort Wayne, IN 46825
(219) 490-2900
Fax (219) 490-3012

Jerry Hessel, Mgr.
Tandy Service
6433 Georgetown Blvd., N.
Fort Wayne, IN 46815
(219) 485-2657
Fax (219) 485-2657

David Bach, Serv. Mgr.
CompUSA
8280 Castleton Corner Dr.
Indianapolis, IN 46250
(317) 594-7605
Fax (317) 594-7649

Bruce Hoover, Corp. Serv. Mgr.
Graham MicroAge Computer Centers
133 S. Pennsylvania St.
Indianapolis, IN 46204
(317) 634-8202
Fax (317) 634-0400

Andrea Pedit, Serv. Mgr.
Inacom Information Systems
10291 N. Meridian St., Suite 100
Indianapolis, IN 46290-1000
(317) 582-2777
Fax (317) 582-2770

J. David Shinn, Serv.Mgr.
Synergetic Resource Corporation
7334 E. 49th St.
Indianapolis, IN 46226
(317) 545-3650

Ken Turner, Serv. Mgr.
Computer Answers Inc.
707 Main St.
Lafayette, IN 47901
(317) 742-0558
Fax (317) 742-8636

Scott Lay, Owner
CSP Systems
307 North
Monroeville, IN 46773
(219) 623-6056
Fax (219) 623-6056

Mike Douthitt, Serv. Mgr.
ComputerLand of South Bend
3371 Cleveland Road, P.O. Box 3958
South Bend, IN 46628
(219) 273-2012
Fax (219) 273-2028

KANSAS

Karen Harper, Serv. Mgr.
Network Management Group Inc.
324 E. 4th, P.O. Box 1343
Hutchinson, KS 67504-1343
(316) 665-3611
Fax (316) 669-8302

Andy Graham, Owner
Graham Computers
113 S. 5th #8
Leavenworth, KS 66048
(913) 651-3408
Fax (913) 651-3408

Byron M. White, Serv. Supervisor
Elek-Tek
9750 Quivera Road
Lenexa, KS 66215
(913) 888-1665
Fax (913) 888-8601
Hank Damm, Serv. Mgr.

Midwest Computer Associates Inc. / Computer Bay
13021 W. 95th
Lenexa, KS 66215
(913) 541-0001
Fax (913) 541-0120

Richard Eberhardt, Mgr.
Tandy Service
9900 Pflumm #55
Lenexa, KS 66215
(913) 492-1971
Fax (913) 492-2621

James Russell, Serv. Mgr.
Connecting Point Computer Center
3208 Kimball Ave.
Manhattan, KS 66502
(913) 539-0801
Fax (913) 539-0802

Pam Gies, Serv. Mgr.
Inland Business Systems Inc.
208 W. Cynthia, Box 250
McClouth, KS 66054
(913) 273-4447
Fax (913) 273-4591

Barry Unruh, Serv. Mgr.
Business Computer Center
1023 Washington Road,
P.O. Box 506
Newton, KS 67114
(316) 283-0208
Fax (316) 283-2731

Garry L. Kimbrell, Tech. Mgr.
CompUSA
7316 W. 119th St.
Overland Park, KS 66213
(913) 344-8706
Fax (913) 344-8748

Bill Sims, Mgr.
Digital Equipment Corp. - Servicenter
9300 W. 110th St.
Bldg. 55, Suite 150
Overland Park, KS 66210
(913) 344-2423
Fax (913) 344-2517

Mark Ragland, Pres.
Heartland Computer Service Inc.
8843 Bond St.
Overland Park, KS 66214
(913) 492-0044
Fax (913) 492-6992

Gayle Hutchens, Serv. Mgr.
InaCom Information Systems
9062 Metcalf Ave.
Overland Park, KS 66212
(913) 642-0072
Fax (913) 642-8758

Mark Fell, Serv. Mgr.
Wang
7880 Mastin Dr., # 58
Overland Park, KS 66204
(800) 525-7424
Fax (303) 689-9547

Matt McGuire, Serv. Mgr.
Business Computer Center/Connecting Point
608 W. Douglas, P.O. Box 3640
Wichita, KS 67201-3640
(316) 263-4442
Fax (316) 263-3753

Solly Por
Computer Hut Inc./TCBC
518 S. Hunter
Wichita, KS 67207
(316) 681-2111
Fax (316) 681-3432

Thane White, Systems Engineer
Entex - Wichita
243 Cleveland
Wichita, KS 67214
(316) 265-9631
Fax (316) 265-3704

KENTUCKY

Cecil Dansey, Serv. Mgr.
CompuMax
300 Sycamore St.
Elizabethtown, KY 42701
(502) 765-5252
Fax (502) 769-0856

Steve Field, Serv. Mgr.
Tandy Service
1895 Airport Ex. Blvd.
Erlanger, KY 41018
(606) 371-5200
Fax (606) 371-5343

Roger O'Quinn, Serv. Mgr.
Digital Equipment Corp.
2025 Leestown Road
Lexington , KY 40511
(502) 429-7500
Fax (502) 429-7585

Christine Sipes, Office Mgr.
Gorrell's Computer Services
2341 Fortune Dr.
Lexington, KY 40509
(606) 299-8468
Fax (606) 293-1713

James Rosenberg, Branch Mgr.
Systems Maintenance Inc.
2321 Fortune Dr.
Lexington, KY 40509
(606) 299-7660
Fax (606) 299-7663

James Finley, Serv. Mgr.
Gorrell's Computer Services Inc.
225 London Shopping Center
London, KY 40741
(606) 878-9882
Fax (606) 878-9882

John Miller, Engineer in Charge
Bull HN Information Systems Inc.
9000 Wessex Pl.
Louisville, KY 40222
(502) 429-4360
Fax (502) 429-4396

Roger O'Quinn, Serv. Mgr.
Digital Equipment Corp.
301 N. Hurstbourne Pkwy.
Louisville, KY 40222
(502) 429-7500
Fax (502) 429-7585

Roger O'Quinn, Serv. Mgr.
Digital Equipment Corp.
1724 Franklin Ave.
Louisville, KY 42420
(502) 429-7500
Fax (502) 429-7585

Rick Mills, VP of Oper.
Pomeroy Computer Resources
908 Dupont Road
Louisville, KY 40207
(502) 893-2800
Fax (502) 893-0747

Brian Reas, Serv. Mgr.
Sarcom
200 Brown & Williamson Tower
Louisville, KY 40202
(502) 583-4333

Chloe A. Deweese, Mgr.
Connecting Point
111 N. Friendship Road
Paducah, KY 42001
(502) 554-7700
Fax (502) 554-7701

Phillip Trimble, Serv. Mgr.
Computers Plus
241 College St.
Paintsville, KY 41240
(606) 789-1100
Fax (606) 789-1126

David Moto, Owner
Mr. Micro Computer Systems
709 Brown St.
Raceland, KY 41169
(606) 836-7112
Fax (606) 836-1785

LOUISIANA

Denny Hodges, Serv. Mgr.
DATEC Inc.
3636 S. Sherwood Forest Blvd.
Suite 570
Baton Rouge, LA 70816
(504) 291-2328
Fax (504) 291-2356

Toby Sandifer, Serv. Mgr.
SST Computers Inc.
336 W. Hwy. 30
Gonzales, LA 70737
(504) 644-1873
Fax (504) 644-7532

Tommy McJunkins, Serv. Mgr.
Corporate Computing
215 Bres Ave.
Monroe, LA 71201
(318) 387-5992
Fax (318) 325-7186

Henry Landry, Pres.
Micro Age Computer Center
6502 Hwy. 90 E., Suite 201
Morgan City, LA 70380
(504) 385-6917
Fax (504) 385-6921

Enterprise Computing Services Inc.
3825 Gilbert
Shreveport, LA 71104
(318) 861-5936
Fax (318) 861-5976

Bob Sorrels, Serv. Mgr.
Polytronics
1004 Professional Dr., W.
Shreveport, LA 71105
(318) 797-2952
Fax (318) 797-2975

MASSACHUSETTS

Steve Hurley, 
Dir. Customer Support Center
Bull HN Information Systems
Technology Park MS 300S
Billerica, MA 01821
(508) 294-6262
Fax (508) 294-5201

Ed DeMatteo, Serv. Mgr.
CompUSA
205 Market St.
Brighton, MA 02135
(617) 783-1900
Fax (617) 562-1949

Bob Wallis, Serv. Mgr.
MicroAge Solutions Inc.
164 Middlesex Tnpk.
Burlington, MA 01803
(617) 273-5665
Fax (617) 273-4853

Charles Coffran, Serv. Mgr.
Micro Mart Inc.
159 State Road
Buzzards Bay, MA 02368
(508) 833-2225
Fax (508) 888-2157

William F. Seale, Owner
Cape Cod Micro Systems
192 Teaticket Hwy.
E. Falmouth, MA 02536
(508) 457-7511
Fax (508) 457-1101

Bob Hamilton, Serv. Mgr.
Tandy Services 40-7359
341 Cochituate Road
Framingham, MA 01701
(508) 626-4140
Fax (508) 626-2820

Joyce Kimball, Serv. Mgr.
Tandy Service
72 Sharp St., C-9
Hingham, MA 02043
(617) 337-7118
Fax (617) 337-3459

Paul Downie, Serv. Mgr.
CompuCom Systems Inc.
313 Speen St.
Natick, MA 01760
(508) 655-3011
Fax (508) 651-1948

Kenneth Stone, Mgr.
Tandy Service 40-7188
1160 Broadway
Saugus, MA 01906
(617) 231-7240
Fax (617) 231-5952

Alan Guilbault, Branch Service Mgr.
Digital Equipment Corp.
334 South St. (SHR3)
Shrewsbury, MA 01545
(508) 841-6931
Fax (508) 841-5164

Dan Jury, Serv. Mgr.
Whalley Computer Assoc./Connecting Point
549 College Hwy.
Southwick, MA 01077
(413) 569-5931
Fax (413) 569-0550

AmeriData
1 Pleasure Island Road
Wakefield, MA 01880
(617) 245-0000
Fax (617) 245-3961

Joe Kusa, Serv. Mgr.
CompUSA
335 Washington St.
Woburn, MA 01801
(617) 937-0600
Fax (617) 937-4843

Brian Servin, Serv. Mgr.
Best Business Systems
269 Lincoln St.
Worcester, MA 01605
(508) 755-1077
Fax (508) 791-1404

MARYLAND

Rich Stewart, Pres./Owner
Datacare Inc.
929 West St.
Annapolis, MD 21401
(410) 267-7800
Fax (410) 267-8486

Charles Burton, Team Leader
Harris Adacom
9086 Junction Dr., Suite 4
Annapolis Junction, MD 20701
(301) 953-3700
Fax (301) 725-4072

Wayde A. Michael, Sr., Serv. Mgr.
BancTec Service Corp.
1531-A S. Edgewood St.
Baltimore, MD 21227
(410) 644-1171
Fax (410) 646-1513

Robert Orlitzky, Pres.
Metro Data Inc.
1933 Kelly Ave.
Baltimore, MD 21209
(410) 542-9366
Fax (410) 542-0154

Robert Orlitzky
Sacks, McGibney & Trotta
One  N. Charles St., First Fl.
Baltimore, MD 21201
(410) 783-4900
Fax (410) 576-8812

Chip Kinch, Mgr.
Tandy Service  40-7155
52 W. Ridgely  Road
Baltimore, MD 21093
(410) 563-6636
Fax (410) 252-7093

Matthew J. Pickart, Serv. Dir.
ComputerLand
976 Monocacy Blvd.
Frederick, MD 21701
(301) 695-5200
Fax (301) 695-7288

James Moore, Systems Analyst
Wahl Business Systems Inc.
333 E. 5th St.
Frederick, MD 21701
(301) 662-2124
Fax (301) 662-0009

Kevin Van Flandern, Serv. Mgr.
CompUSA Inc.
6625 Ritchie Hwy.
Glen Burnie, MD 21061
(410) 508-7205
Fax (410) 508-7249

John White, Serv. Mgr.
MWI Technologies Inc.
140 Lakefront Dr.
Hunt Valley, MD 21030-2238
(410) 785-6300
Fax (410) 785-5321

Fax Brian Miller, Serv. Mgr.
Man & Machine Inc.
3501 Hamilton St.
Hyattsville, MD 20782
(301) 277-3760
Fax (301) 779-1455

Suanne Maiden, Serv. Mgr.
ComputerLand Northwest
11459-A Cronhill Dr.
Owings Mills, MD 21117
(410) 356-1010
Fax (410) 356-1098

Mongal Shrestha, Serv. Mgr.
CompUSA
1776 E. Jefferson, Suite 203
Rockville, MD 20852
(301) 816-4700
Fax (301) 816-4750

Frank Artes, Tech. Mgr.
CompUSA
1015 York Road
Towson, MD 21204-2516
(410) 494-4200
Fax (410) 324-8849

MAINE

Jasper Farrington, Customer Acct. Rep.
Bull HN Information Systems Inc.
45 Memorial Circle
Augusta, ME 04330
(207) 622-2640
Fax (207) 622-4702

Jon Stuart
Bull HN Worldwide Information Systems Inc.
11 Liberty Dr.
Bangor, ME 04401
(207) 848-5741

Reynold Valliere, Field Engineer
Bull HN
2331 Congress St.
Portland, ME 04102
(207) 775-6670
Fax (207) 775-6672

Dennis Duguay, 
Multi-Vendor Serv. Mgr.
Digital Equipment Corp.
400 Southborough Dr.
South Portland, ME 04106
(207) 874-6299

Tim Hallee, Serv. Mgr.
Applied Computer Group Inc.
153A Main St.
Waterville, ME 04901
(207) 873-3317
Fax (207) 872-5018

MICHIGAN

Mark Nerbonne, Serv. Mgr.
Mainstream Computers Inc.
311 E. Superior St.
Alma, MI 48801
(517) 463-6344
Fax (517) 463-1330

Colin Lamb, Serv. Mgr.
Duffy's Computers & Supplies
118 S. Ripley St.
Alpena, MI 49707
(517) 356-6946
Fax (517) 354-3823

Timothy Sweeney, Serv. Mgr.
BPI Information Systems
2255 S. Industrial Hwy.
Ann Arbor, MI 48104
(313) 668-7550
Fax (313) 668-7561 

James Arnold, Serv. Mgr.
Bay-Arenac ISD
4228 Two Mile Road
Bay City, MI 48706
(517) 667-3230
Fax (517) 667-3284

Chris Nielsen, Serv. Mgr.
Vanstar Corp.
15010 Commerce Dr., S., # 509,
Dearborn, MI 48120
(313) 594-6669
Fax (313) 594-6663

Patrick Haggerty, Serv. Mgr.
Inacomp Computer Centers
20715 Kelly Road
East Pointe, MI 48021
(313) 445-8010
Fax (313) 445-0402

Rick Brandt, Operations Mgr.
Axxon Inc.
1110 Eldon Baker Dr.
Flint, MI 48507
(810) 744-1900
Fax (810) 744-9569

James Paniccia, Mgr.
BG Systems
50 Monroe Ave., Suite 600
Grand Rapids, MI 49503
(616) 235-5284
Fax (616) 235-5285 

Paul Miller, Serv. Mgr.
Bull Information Systems
2620 Horizon, Suite D1
Grand Rapids, MI 49546
(616) 942-7126
Fax (616) 942-0529

John Deskovitz, Pres.
Computer Network
921 28th St., S.E.
Grand Rapids, MI 49508
(616) 245-0064
Fax (616) 245-0074

Scott Knobloch/Dan Davis, Svs. Mgr./Support Mgr.
CPR / MicroAge
1001 Monroe Ave. N.W.
Grand Rapids, MI 49503
(616) 459-3294
Fax (616) 459-3250

Kirk White, Serv. Mgr.
Information Systems Group
348 Waverly Road
Holland, MI 49423
(616) 396-5006
Fax (616) 396-2424

Tom Slewchuk, Serv. Mgr.
MicroNomics of Lansing Inc./Entr‚ Computer Service
741 N. Cedar St.
Lansing, MI 48906
(517) 485-2332
Fax (517) 485-1119

Mark Zywica, Serv. Mgr.
Mr. Chips Computer Service
36159 Plymouth Road
Livonia, MI 48150
(313) 513-8300
Fax (313) 513-8301

Kevin Hockin, Serv. Mgr.
Advanced Business Equipment
2373 U.S. 41 W.
Marquette, MI 49855
(906) 228-8515
Fax (906) 228-8517

Kevin Sinicki, Serv. Mgr.
Buckingham Computer Services Inc.
3305 Ridgecrest Dr.
Midland, MI 48642
(517) 832-2412
Fax (517) 832-2802

Bob Billings, Serv. Mgr.
Digital Equipment Corp.
5103 Eastman Pl.
Midland, MI 48540
(517) 631-1128
Fax (517) 631-3303

Mark Nerbonne, Serv. Mgr.
Blackhawk Communications Inc.
127 S. University
Mt. Pleasant, MI 48858
(517) 773-5540
Fax (517) 773-1277

Ken Griffin, Pres.
Entr‚ Computer Center
540 Hovey
Muskegon, MI 49444
(616) 739-5595
Fax (616) 733-8508

Jonathan Martichuski, Serv. Mgr.
CompUSA - 591
43135 Crescent Blvd.
Novi, MI 48375
(810) 305-7475
Fax (810) 305-7449

Mitch Riley, Mgr.
Computers & Concepts Inc.
3248 Orchard Lake Road
Orchard Lake, MI 48324
(810) 681-7722
Fax (810) 681-9632

Shawn C. Ashley, VP
Great Lakes Computer Services Inc.
7546 Gratiot Road
Saginaw, MI 48609
(517) 781-4741
Fax (517) 781-9987

Jeffrey Hernden, Service
Productive Computer
53430 Van Dyke Ave.
Shelby Township, MI 48316
(810) 781-0700
Fax (810) 781-5712

Timothy Sweeney, Serv. Supervisor
BPI Information Systems
23875 Northwestern Hwy.
Southfield, MI 48075
(313) 357-3980
Fax (313) 357-2528

Richard Jorgensen, Serv. Mgr.
MCE Services Inc.
1409 Allen Dr., Suite C
Troy, MI 48083
(810) 588-4640
Fax (810) 588-3242

Dan Bushbaker, Serv. Mgr.
OE Systems
1408 Allen Road
Troy, MI 48083
(313) 643-3353
Fax (313) 589-0034

MINNESOTA

Eric Buland, Lead Field Eng.
CompuCom Systems
1600 W. 82nd St., #240
Bloomington, MN 55431
(612) 887-6999
Fax (612) 887-6977

John Schriml, Area Mgr.
Wang - Eden Prairie 
10125 Crosstown Circle, Suite 215
Eden Prairie, MN 55344
(612) 946-5000
Fax (612) 946-8772

Michael Beach, Oper. Mgr.
DataSource Connecting Point
5230 W. 73rd St.
Edina, MN 55439
(612) 844-1400
Fax (612) 844-1450

Daniel Evans, Serv. Oper. Mgr.
Office Products of Minnesota (OPM Information Systems)
7704 Bush Lake Road
Edina, MN 55435
(612) 835-6776
Fax (612) 835-1227

Jim DeGidio, Mgr.
Tandy Service
7401 France Ave. S.
Edina, MN 55435
(612) 896-6440
Fax (612) 844-0879

Joseph M. Swanson, Serv. Mgr.
Computer World
324 N.W. 1st Ave.
Grand Rapids, MN 55744
(218) 326-1285
Fax (218) 326-1286

Dick Woodruff, VP Tech Svs.
AmeriData
5401 Boone Ave., N.
New Hope, MN 55428
(612) 557-2241
Fax (612) 551-2335

Raymond B. Goldstein, Serv. Mgr.
Inacom Information Systems
120 First St. N.E.
Rochester, MN 55906
(507) 281-5005
Fax (507) 281-5414
Bob Carver, Tech. Mgr.

CompUSA
2480 Fairview Ave., N.
Roseville, MN 55113
(612) 635-0770
Fax (612) 635-4049

Allen Rothering, Serv. Mgr.
Kennedy Business Systems
115 E. 3rd St.
Winona , MN 55987
(507) 454-6705
Fax (507) 454-6836

MISSOURI

Hank Doellefeld, Mgr.
Tandy Corp.
11970 St. Charles Rock Road
Bridgeton, MO 63044
(314) 770-0087
Fax (314) 770-0073

Lenny G. Burford, 
Serv./Tech. Mgr., Co-owner
MicroAge Computer Centers
2845 Independence St.
Cape Girardeau, MO 63701
(314) 651-4626
Fax (314) 651-3930

Rick Stiles, Service & Support Mgr.
Computer Patch, The
3316 E. 32nd St., P.O. Box 1330
Joplin, MO 64802
(417) 782-0285
Fax (417) 782-1282

Scott Garrette, Serv. Mgr.
ComputerLand
2912 E. 32nd St.
Joplin, MO 64804
(417) 782-6545
Fax (417) 782-2889

John Schriml, Area Mgr.
Wang - St. Louis
13545 Barret Pkwy., # 330
Manchester, MO 63021
(314) 821-6779
Fax (314) 821-7452

Larry Abbott, Serv. Mgr.
Maryville Typewriter
216 E. 3rd St.
Maryville, MO 64468
(816) 582-7128
Fax (816) 562-2052

Tim Franklin, Serv. Mgr.
ComputerLand
215 S. Ohio, P.O. Box 834
Sedalia, MO 65302-0834
(816) 827-5111
Fax (816) 826-6290

Danny Vinyard, Serv. Tech.
Microcomputer Services
940 S. Kings Hwy.
Sikeston, MO 63801
(314) 471-9229
Fax (314) 471-4111

David Fangman, Customer Serv. Eng.
Digital Equipment Corp.
721 Emerson Road
St. Louis, MO 63141
(314) 991-6206
Fax (314) 991-6302

Steve Gengler, Serv. Mgr.
Entex Information Services
600 Emerson Road, Suite 100
St. Louis, MO 63141
(913) 894-7410
Fax (913) 894-9258

Rich Whited, Pres.
Pentech Computer Services Inc.
7578 Watson Road
St. Louis, MO 63119
(314) 962-4747
Fax (314) 962-4967

John Schriml, Area Mgr.
Wang - St. Louis
314 N. Broadway, Suite 1163
St. Louis, MO 63102
(314) 621-3703
Fax (314) 821-7452

MISSISSIPPI

Bob Nance, Serv. Mgr.
Delta Computer Center
206 South St.
Cleveland, MS 38732
(601) 843-1707
Fax (601) 843-0702

Kevin Keeter, Serv. Mgr.
American Computer Services Inc.
212-B Broadway Dr.
Hattiesburg, MS 39401
(601) 582-2606
Fax (601) 582-2636

Tray Bourgoyne, Serv. Mgr.
CBM/AmeriData
305 Keyway Dr., Suite B-D. Bldg. A
Jackson, MS 39208
(601) 932-4000
Fax (601) 932-8695

Ed Peeples, Serv. Mgr.
MicroAge Computer Stores
860 Centre St.
P.O. Box 1020
Ridgeland, MS 39157
(601) 956-5440
Fax (601) 956-3750

R. Jonathan White, Serv. Mgr.
BESCO/Connecting Point
507 N. Gloster, P.O. Box 319
Tupelo, MS 38801
(601) 842-7533
Fax (601) 842-3628

MONTANA

Loren Elston, Dist.Serv. Mgr.
Bull HN Information Systems
37 Hitching Post Road
Bozeman, MT 59715
(206) 431-0404
Fax (206) 243-8228

Phil Wells, Serv. Mgr.
Computer Place Inc., The
2460 Hwy. 93 S.
Kalispell, MT 59901-7532
(406) 758-6800
Fax (406) 758-6829

Tom Keith, Serv. Mgr.
UC Computers
P.O. Box 5148
Missoula, MT 59806
(406) 243-4921
Fax (406) 243-2001

NORTH CAROLINA

Donald Brown, Serv. Mgr..
Connecting Point
2348 Hwy. 105 - #4 - Heritage Ct.
Boone, NC 28607
(704) 264-1113
Fax (704) 264-0644

Robert Morris, Pres.
Advantec Global Services Inc.
P.O. Box 11696
Charlotte, NC 28220
(704) 357-1450
Fax (704) 357-1154

Bob Newman, Serv. Mgr.
Bull HN Worlwide 
Information Systems
517 S. Sharon Amity Road
Charlotte, NC 28211
(910) 632-9217
Fax (910) 365-7005

Dave Jordan, Serv. Mgr.
InaCom Information Systems
4651 Charlottepark Dr., Suite 450
Charlotte, NC 28217
(704) 522-9898
Fax (704) 522-9520

Donald Scott, Serv. Mgr.
MBC Computer Service
4930 Chastian Ave.
Charlotte, NC 28217
(704) 525-7590
Fax (704) 525-8666

Don Sharek, Dist. Mgr.
Novadyne Computer Systems
2900-E S. I-85 Service Dr.
Charlotte, NC 28208
(704) 392-9133
Fax (704) 392-9029

Jim Robb, Serv. Mgr.
Robb & Jarvis Inc.
Entr‚ Business Systems
4301-O Stuart Andrew Blvd.
Charlotte, NC 28217
(704) 523-7760
Fax (704) 523-7893

Richard Archer, Serv. Mgr.
Systems Maintenance Inc.
521-A Clanton Road
Charlotte, NC 28217
(704) 525-6767
Fax (704) 525-1119

Larry F. English, Field Mgr.
Technology Service Solutions
1001 W.T. Harris Blvd.
Charlotte, NC 28262
(704) 594-4667

Jim Caldwell, Serv. Mgr.
InaCom Information Systems
2300 Englert Dr., Suite B
Durham, NC 27713
(919) 361-1973
Fax (919) 544-3435

Stan Davis, Owner
Eastern Computer Technologies
1601 N. William St., P.O. Box 166
Goldsboro, NC 27530
(919) 734-3248

Bob Newman, Serv. Mgr.
Bull HN Information Systems
1500 Pinecroft Road, Suite 120
Greensboro, NC 27407
(910) 632-9218
Fax (910) 632-9234

Timothy Bleichroth, Serv. Mgr.
CompUSA
500 Four Seasons Town Center
Space #2030
Greensboro, NC 27407-4751
(919) 292-0310
Fax (910) 547-6645

Don Buchnan, Serv. Mgr.
Computer Express
5103 E. West Markett St.
Greensboro, NC 27409
(910) 294-0110
Fax (910) 299-3964

Steve Hamberger, Serv. Mgr.
Computer Store, The
4319 High Point Road, Suite 106
Greensboro, NC 27407
(919) 632-0860
Fax (919) 632-1568

Jamie Gutierrez, Pres.
Corporate Systems Supplies Inc./Connecting Point
1400 Battleground Ave., Suite 150
Greensboro, NC 27408
(919) 378-0422
Fax (919) 230-0268

Stan Dodson, Serv. Mgr.
InaCom Computer Centers
410-K Gallimore Dairy Road
Greensboro, NC 27409-9725
(919) 665-1796
Fax (919) 668-3979
Jeff Jackson, Serv. Mgr.

Service Solutions
3714 Alliance Dr., Suite 406
Greensboro, NC 27407
(910) 854-4144
Fax (910) 854-3991

Tim O'Shea, Serv. Supv.
ComputerLand
14 Carolina East Ctr.
Greenville, NC 27834
(919) 355-6110
Fax (919) 355-2155

Jim Rosequist, Serv. Mgr.
Bull HN Information Systems Inc.
3716 National Dr., Suite 122
Raleigh, NC 27612
(919) 881-0173
Fax (919) 787-7840

John Thumm, Serv. Mgr.
Connecting Point
1157 Wesleyan Blvd.
Rocky Mount, NC 27804
(919) 977-6566
Fax (919) 985-3811

Tim Noell, Serv. Mgr.
TCBC/Todays Computers 
Business Centers
120 E. Kerr St., P.O. Box 1487
Salisbury, NC 28145-1487
(704) 636-5653
Fax (704) 633-7596

Kevin Boggs, Serv. Mgr.
Piedmont Computer Center Inc.
214 W. Broad St.
Statesville, NC 28677
(704) 872-6663
Fax (704) 871-2402

David Allen, Serv. Mgr.
Financial Computing Inc.
265 Executive Park Blvd.
Winston-Salem, NC 27103
(910) 768-2670
Fax (910) 760-6363

NORTH DAKOTA

Larry Bessler, Serv. Mgr.
Connecting Point
303 S. 3rd St.
Bismarck, ND 58501
(701) 258-6689
Fax (701) 258-0768
John Finneman, Serv. Mgr.

Fireside Office/TCBC
1713 E. Bismarck Expwy.
Bismarck, ND 58501
(701) 258-8586
Fax (701) 223-9598

Terry Dvorak, Serv. Mgr.
TCBC - Gaffaney's of Grand Forks
1809 N. 13th Ave.
Grand Forks, ND 58201
(701) 746-6466
Fax (701) 746-0737

Brian T. Burkett, Mgr. / Tech Serv.
Team Electronics/Connecting Point
2600 Demers Ave., Box 1277
Grand Forks, ND 58203
(701) 775-5512
Fax (701) 775-5513

NEBRASKA

Wes Christensen, Serv. Mgr.
Connecting Point /Micro Data Inc.
3100 23rd St., 30 Center Mall
Columbus, NE 68601
(402) 563-4224
Fax (402) 564-1374

Steve Faber, Comp. Serv. Spvsr.
Eakes Office Products Center Inc.
2911 13th St.
Columbus, NE 68609
(308) 382-8026
Fax (308) 382-7401

Steve Faber, Comp. Serv. Spvsr.
Eakes Office Products Center Inc./Connecting Point
2401 Ave. A
Kearney, NE 68847
(308) 234-6200
Fax (308) 382-7401

Dave Wassung, Multivendor Customer Serv. Mgr.
Digital Equipment Corp.
8805 Indian Hills Dr., Suite 125
Omaha, NE 68114
(402) 391-0310
Fax (402) 399-3119

Karen Schimenti, Serv. Mgr.
Midland Computer Inc. d/b/a ComputerLand
11414 W. Center Road, Suite 100
Omaha, NE 68144
(402) 691-8900
Fax (402) 691-8986

Steven Hanken, Serv. Mgr.
Radio Shack Computer Center
3006 Dodge St
Omaha, NE 68131
(402) 346-4020
Fax (402) 346-4020

Scott Schmidt, Serv. Mgr.
Random Access Inc.
4622 S. 132nd St.
Omaha, NE 68137-1764
(402) 344-4367
Fax (402) 344-4269

Les Taylor, Serv. Mgr.
ValCom / Word Data Corp.
3172 Dodge St.
Omaha,  NE 68131
(402) 344-4727
Fax (402) 344-7237

Mark Fell, Serv. Mgr.
Wang
2510 S. 64th Ave.
Omaha, NE 68106
(800) 525-7427
Fax (303) 689-9547

NEW HAMPSHIRE

Gary Hendley, Pres.
New England High Tech Inc.
41 Robert Rogers Road
Dunbarton, NH 03045-4812
(603) 774-3394
Fax (603) 774-7150

Scott Chase, Group Leader
PC Connection
450 Marlboro St.
Keene, NH 03431
(603) 446-3383
Fax (603) 446-7982

Chris McAndrew, Serv. Mgr.
Systems Plus Computers Inc.
85 Mechanic St.
Lebanon, NH 03766
(603) 448-5800
Fax (603) 448-6899

Tony Waszeciak, Serv. Mgr.
Diversified Micro Services Inc.
998 Candia Road
Manchester, NH 03109
(603) 668-7736
Fax (603) 668-8058

Jim Carroll, Dir. of Tech. Servs.
ComputerHut of New England/TCBC
101 Elm St.
Nashua, NH 03060
(603) 889-7625
Fax (603) 889-2840

Robert W. Anderson, Serv. Mgr.
Tandy Service / Computer City
252 Daniel Webster Hwy.
Nashua, NH 03060
(603) 891-3440
Fax (603) 888-5764

NEW JERSEY

Wally Rogers, Jr., Pres.
Xpress Electronic Services Inc.
460 N. Pearl St., P.O. Box 1092
Bridgeton, NJ 08302
(609) 455-6500
Fax (609) 455-0428

Chris Hoey, Serv. Mgr.
J & B Business Systems
256 Colfax Ave.
Clifton, NJ 07013
(201) 778-7800
Fax (201) 778-4720

Joseph Kao, Tech. Supervisor
K & L Micro Group Inc.
280 Hwy., Rte. 18
East Brunswick, NJ 08816
(908) 613-9339

Art J. Dombro, CIC
Bull HN
5 Kellogg Ct., Suite 4
Edison, NJ 08817
(908) 287-4760
Fax (908) 287-0686

Clifford Cook, Pres.
Excalibur Systems
30-16 Rte. 4
Fair Lawn, NJ 07410
(201) 791-6877
Fax (201) 791-8011

Roger Yagozinski, Serv. Mgr.
Bull HN Information Systems
264 Passaic Ave.
Fairfield, NJ 07004
(201) 575-8155
Fax (201) 575-7695

Cheryl Scalone, Serv. Mgr.
ComputerLand of Iselin
75 Lincoln Hwy.
Iselin, NJ 08830
(908) 549-5111
Fax (908) 549-5563

James M. Punderson, IV, Pres.
Networks & More! Inc.
24 Highland Bend
Island Heights, NJ 08732
(908) 929-1485
Fax (908) 506-6797

Harold Canjura, Serv. Mgr.
M-Global Info Systems Inc.
270 Henderson St., Suite 2-P
Jersey City, NJ 07302
(201) 432-0418
Fax (201) 432-4074

William Bromley, Serv. Mgr.
Tercin Inc. d/b/a ComputerLand 
of Atlantic City
1020 Tilton Road, P.O. Box P
Northfield, NJ 08225
(609) 646-6611
Fax (609) 484-0680

Ted Richards, Pres.
Net Connect Inc.
77 Manito Ave.
Oakland, NJ 07436
(201) 337-2399
Fax (201) 337-2399

Karl Reuther, Serv. Mgr.
Paul Quinn Inc.
313 E. Broad St.
Palmyra, NJ 08065
(609) 829-0707
Fax (609) 829-8213

Bill Rathbone, Tech. Mgr.
CompUSA
S. 60 & Rte. 17 N.
Buehler Center
Paramus, NJ 07652
(201) 909-5700
Fax (201) 909-3949

Will Van Der Leeow, Serv. Mgr.
Micro Business Systems/TCBC
100 Forge Way, Bldg. D, Unit 2
Rockaway, NJ 07866
(201) 586-4242
Fax (201) 586-4244

Blaine Spalding, Serv. Mgr.
National Consumer Care Inc.
1129 Broad St., Suite 11
Shrewsbury, NJ 07702
(908) 727-8918
Fax (908) 544-1306

Don Shake, Owner
PC / Micro
63 Hollybrook Dr.
Tuckerton, NJ 08087
(609) 296-4333
Fax x(609) 296-5738

Rich Borgia, Serv. Mgr.
Hardware Product Sales Inc.
76 Mountain View Blvd.
Wayne, NJ 07470
(201) 696-7760
Fax (201) 696-4607

Mark Greathouse, Group Exec.
Management Systems 
Applications Inc., Box 866
Wharton, NJ 07885-0866
(201) 366-9841
Fax (201) 366-9774

NEW MEXICO

Curtis Kolilaa, Technical Analyst
McBride & Associates
5555 McLeod Road, N.E.
Albuquerque, NM 87109-2408
(505) 828-9211
Fax (505) 828-9216

Gary D. Maley
Friendly Computers
214 S. Canal
Carlsbad, NM 88220
(505) 885-1278
Fax (505) 885-0589

Craig Lozier, Serv. Mgr.
Connecting Point
3501 E. Main
Farmington, NM 87402
(505) 326-9148
Fax (505) 325-2099

Ruth Besnick, Owner
A-Com Tech
1117 N. Solano Dr.
Las Cruces, NM 88001
(505) 527-4066
Fax (505) 527-4321

NEVADA

Wade Smith, Branch Mgr.
ComputerLand
3075 E. Flamingo Dr., Suite 120
Las Vegas, NV 89121
(702) 434-1000
Fax (702) 434-7029

NEW YORK

Al Gorski, CC Supervisor
AmeriData of Albany
915 Broadway
Albany, NY 12207
(518) 426-7951
Fax (518) 426-7961

Patrick J. McCoy, Dist. Mgr.
Bull HN WorldWide Information Systems
1 Executive Centre Dr.
Albany, NY 12203
(518) 456-4800
Fax (518) 456-8049

Thomas J. Larkin, Serv. Mgr.
Entex Information Services Inc.
230 Washington Ave. Ext.
Albany, NY 12203
(518) 869-7100

Russ Kraushaar, Serv. Mgr.
Professional Business Systems
2120 Pacific Blvd. S.W., Suite C
Albany, NY 97321
(503) 967-8595
Fax (503) 928-6534

Frank Bassett, Serv. Mgr.
Vanstar
80 Wolf Road
Albany, NY 12205
(518) 458-2222
Fax (518) 458-9021

Mary Patterson, Serv. Mgr.
Wang
1873 Western Ave.
Albany, NY 12203
(518) 456-1035
Fax (518) 456-5607

Tony Carrozzo, Serv. Mgr.
Computer Equipment Services
370 Montauk Hwy.
Bay Shore, NY 11706
(516) 666-1234

Mike Druckenbroad, Owner
M. Druckenbroad
1040 S. Thompson Dr.
Bay Shore, NY 11706
(516) 666-4579

Pat Raeihle, Mgr.
Tandy Service
422 N. Wantagh Ave.
Bethpage, NY 11714
(516) 822-4185
Fax (516) 822-4825

Tracy Wagner, Serv. Mgr.
Inacom Information Systems
301 Cayuga Road
Buffalo, NY 14225
(716) 634-9113
Fax (716) 634-9163

Steve Lochren, Serv. Mgr.
Inacom Information Systems Inc.
5790 Widewaters Pkwy.
DeWitt, NY 13090
(315) 445-0914

Robert Bennett, Serv. Mgr.
Bull HN Information Systems
6365 Collamer Dr., Bldg. #2
E. Syracuse, NY 13057
(315) 438-3351
Fax (315) 438-3358

Derek McMonus, Svs. Mgr.
Damomics Computer Systems
111 N. Main St.
Elmira, NY 14901
(607) 732-5122
Fax (607) 732-5179

John Schaubeck, Cust. Serv. Rep.
Digital Equipment Corp.
175 Clearbrook Road
Elmsford, NY 10523
(914) 524-5189
Fax (914) 524-5271

Marcos F. Silva, Serv. Mgr.
Atlantic Business Systems Inc.
40 Constance Ct.
Hauppauge, NY 11788
(516) 582-1400
Fax (516) 582-5599

Arthur Weissbach, Tech. Mgr.
CompUSA
526 Rte. 111
Hauppauge, NY 11788
(516) 356-6100
Fax (516) 366-6100

Dan Raethle, Mgr.
Tandy Service  40-0207
1350 Lincoln  Ave., Unit 2
Holbrook, NY 11741
(516) 467-6650
Fax (516) 471-5208

Duane Romig, Customer Serv. Rep.
Digital Equipment Corp.
9 Brown Road
Ithaca, NY 14850-1247
(315) 453-5736
Fax (315) 453-5888

David Brown, Serv. Mgr.
Computerwares Unlimited
353 Horry L. Dr.
Johnson City, NY 13790
(607) 798-7212
Fax (607) 798-7229

Duane Romig, Customer Serv. Mgr.
Digital Equipment Corp.
700 Harry L Dr.
Johnson City , NY 13790-1118
(315) 453-5736
Fax (315) 453-5888

Duane Romig, Cust. Serv. Mgr.
Digital Equipment Corp.
290 Elwood Davis Road
Liverpool, NY 13088
(315) 453-5736
Fax (315) 453-5888

Jeff Jones, Serv. Mgr.
Star Technology Systems Inc.
260 E. Orvis St.
Massena, NY 13663
(315) 764-1560
Fax (315) 769-2716

Tim Honohan, Serv. Mgr.
Flexible Business Systems
535 Broadhollow Road
Suite A-6
Melville, NY 11747
(516) 756-0404
Fax (516) 756-0589

Peter Tung, Tech.
PTI Computer Inc.
58 E. Rte. 59
Nanuet, NY 10954
(914) 623-4126
Fax (914) 623-4143

Vijay Lingala, Serv. Mgr.
Applied Cybernetics International
27 W. 24th St. (5th-6th Aves.)
New York, NY 10010
(212) 243-6000
Fax (212) 243-6112

Avis Weir, Serv. Mgr.
InaCom
555 Madison Ave.
New York, NY 10022
(212) 888-9282
Fax (212) 888-9283

Salvatore A. Mistretta, Serv. Mgr.
Tandy Service 40-7126
270 Park Ave., S.
New York, NY 10010
(212) 979-8170
Fax (212) 979-8275

Allyson Houston, Tech. Serv. Mgr.
Blumenthal's/Connecting Point
234 N. Union St.
Olean, NY 14760
(716) 375-4600
Fax (716) 375-4619

John K. Jacobsen, Serv. Mgr.
Netcomp
1 Industry St.
Poughkeepsie, NY 12603
(914) 471-8800
Fax (914) 454-1757

Jim Moore, Serv. Mgr.
Bull HN Information Systems
333 Metro Park, Suite N104
Rochester, NY 14623
(716) 424-2314
Fax (716) 424-2316

James K. Pfeiffer, Tech. Mgr.
CompUSA
400 Jefferson Road
Rochester, NY 14623
(716) 424-1499
Fax (716) 424-7649

Peter Wrins, Principal
Island Computer Systems
2888 Locust Ave.
Ronkonkoma, NY 11779
(516) 585-3708
Fax (516) 585-3408

Steven J. Schiher, Serv. Mgr.
Quest Business Systems
4017A State St.
Schenactady, NY 12304
(518) 372-8455
Fax (518) 372-8459

Mark Lee, Serv. Tech.
MicroAge of Staten Island
98 Wakefield Ave.
Staten Island, NY 10314
(718) 370-8360
Fax (718) 370-3366

Walter Danylak
Tandy Service
527 Charles Ave.
Syracuse, NY 13209
(315) 468-3366
Fax (315) 488-2891

Tom Geschel, Serv. Mgr.
Tandy Service 40-7168
2309 Eggert Road
Tonawanda, NY 14150
(716) 838-3592
Fax (716) 838-0302

Russell Bell, Service Mgr.
Computer Specialists Inc., The
119 North Genesee St.
Utica, NY 13502
(315) 732-4534
Fax (315) 732-4763

David Sharp, Serv. Mgr.
Bull HN Information Systems
251 John J. Audobon Pkwy.
West Amherst, NY 14228
(716) 636-1505
Fax (716) 636-1513

OHIO

Cheryl Church, Gen'l. Mgr.
KN Electronics
1881 S. Main St.
Akron, OH 44301
(216) 724-9953
Fax (216) 724-9953

Mark D. Stoffer, Pres.
Zero Wait State Inc.
1166 Beardsly St.
Akron, OH 44301-1818
(216) 785-0755
Fax (216) 785-0756

David Wagner, Pres.
Carnation Computer Center
2115 W. State St.
Alliance, OH 44601
(216) 873-4691
Fax (216) 873-8034

Paul Mele, Owner
P.M. Systems
8385 Tumin Lane
Chagrin Falls, OH 44023
(216) 543-8739

Marvin Roberts, Owner
Cincinnati Computer Service
3180 Harrison Ave., Suite 1
Cincinnati, OH 45211
(513) 661-6888
Fax (513) 661-9538

Tad Yoke, Serv. Mgr.
CompUSA
501 Forest Fair Dr.
Cincinnati, OH 45240
(516) 671-3900
Fax (513) 346-6208

Bernie Helsinger, 
Multivendor Serv. Mgr.
Digital Equipment Corp.
10101 Alliance Dr.
Cincinnati, OH 45242
(513) 984-7667
Fax (513) 984-7519

Joseph J. Gregoric, Serv. Mgr.
Connecting Point
7819 Freeway Cir.
Cleveland, OH 44130
(216) 234-9787
Fax (216) 234-4530

John Hathaway, Serv. Mgr.
Electra-Sound Inc.
5260 Commerce Pkwy., W.
Cleveland, OH 44130
(216) 433-9600
Fax (216) 267-2023

Robert Barr, ECNE/Tech. Serv. Mgr.
MicroAge Computer Stores
4949 Galaxy Pkwy.
Cleveland, OH 44128-5408
(216) 765-1122
Fax (216) 765-0548

Kevin R. Vert, Tech. Mgr.
CompUSA
7588 N. Market Center Way
Columbus, OH 43235
(614) 766-4045

Bill Martin, Serv. Mgr.
Digital Equipment Corp.
2800 Corporate Exchange Dr.
Columbus, OH 43231
(614) 523-4637
Fax (614) 523-4589

Tom Dooley, Serv. Mgr.
Micro Center
4119 Leap Road
Columbus, OH 43026
(614) 777-2542
Fax (614) 777-2545

Chuck Davis, Serv. Mgr.
Clover Computer Corp./TCBC
1199 2nd St.
Coshocton, OH 43817
(614) 622-0028
Fax (614) 622-3299

Dave Kirkman, Unit Mgr.
Digital Equipment Corp.
1430 Oak Ct.
Dayton, OH 45430
(513) 320-2901
Fax (513) 320-2953

Michael Jones, Serv. Mgr.
Professional Micro Systems Inc.
730 S. Main, Suite 102
Dayton, OH 45402
(513) 223-2348
Fax (513) 223-1917

Andrew Wendt, Svs. Mgr.
CFR Inc.d/b/a Rent-a-Computer
6730 Roosevelt Blvd.
Franklin, OH 45005
(513) 422-1854
Fax (513) 422-9996

Lenny Stoneburner, Serv. Mgr.
Tandy Service  40-0404
4181 Venture Pl.
Groveport, OH 43125
(614) 836-5601
Fax (614) 836-2436

Wayne Valocik, Area Mgr.
CompuCom Systems Inc.
6200 Rockside Woods
Suite 315
Independence, OH 44131
(216) 520-1066
Fax (216) 741-4799

Tom Knuth, Branch Serv. Mgr.
Vanstar Corp.
6300 Rockside Road, 1st Fl.
Independence, OH 44131
(216) 642-7391
Fax (216) 642-8770

Greg Gohlke, Prtnr.
MicroMIDI Solutions
2061 B Whipp Road
Kettering, OH 45440
(513) 226-2772
Fax (513) 226-7984

Mark Seevers, Serv. Mgr.
Computech System Mart
137 W. Walnut St.
Lancaster, OH 43130
(614) 687-6210
Fax (614) 654-8644

David Burgess, Serv. Mgr.
ComputerLand
675 W. Market St.
Lima, OH 45801
(419) 224-8009
Fax (419) 229-6144

Rich Hosryak, Serv. Mgr.
Dana Commercial Credit
393 Tomahawk Dr.
Maumee, OH 43537
(419) 891-7588
Fax (419) 891-9560

Randy Palmer, Serv. Mgr.
Tandy Service Center (40-7480)
1331 Couant St., #107
Maumee, OH 43537
(419) 893-1644
Fax (419) 893-1644

Robert Nelson, Serv. Mgr.
CompUSA
221 Springboro Pike
Corners at the Mall Shopping Center
Miamisburg, OH 45342
(513) 436-7200
Fax (513) 436-7245

Jeff Sebenoler, Serv. Mgr.
Computer Network, The
1850 W. Main
Newark, OH 43055
(614) 349-9805
Fax (614) 522-0245

Jonathan Chamberlain, Serv. Mgr.
Dr. Floppy & Company Inc. d/b/a TCBC of Marietta
Country Road 20/Sand Hill Road
Reno, OH 45773
(614) 373-9729
Fax (614) 373-6292

Dale Christopher, VP
Micros Megabytes & More Inc.
1212 G Hull Road
Sandusky, OH 44870
(419) 626-1455
Fax (419) 626-1485

Dale Christopher, VP
Micros Megabytes & More Inc.
1212 G Hull Road
Sandusky, OH 44870
(419) 621-2290

Mark A. Barhorst, Serv. Mgr.
Rees-Ranly Associates Inc.
1552 W. Michigan Ave.
Sidney, OH 45365
(513) 498-1766
Fax (513) 498-4649

Bill Fraley, Owner
Heritage Computer
237 N. Washington St.
Tiffin, OH 44883
(419) 447-9455
Fax (419) 447-2059

Mark Cole, Serv. Mgr.
Computers Plus of Ohio
131 W. Wyandot Ave.
Upper Sandusky, OH 43351
(419) 294-5723

Josef Stiene, Serv. Mgr.
SARCOM
8555 Sweet Valley Dr., Suite N
Valley View, OH 44125
(216) 642-9850
Fax (216) 642-9855

Gerald D. Weygandt, Serv. Mgr.
Complete Computer House, The
One Park Centre, Suite 206
P.O. Box 508
Wadsworth, OH 44281
(216) 336-3062
Fax (216) 336-1309

Rod Steiner, Serv. Mgr.
InaCom Information Systems
332 S. Market St.
Wooster, OH 44691
(216) 264-5383
Fax (216) 264-3883

Dale Purdy, Serv. Mgr.
Advanced Computer Repair
6471 Proprietors Road
Worthington, OH 43085
(614) 885-6800
Fax (614) 885-6044

Lowell Dihle, Serv. Mgr.
Assured Systems Development
705-K Lakeview Plaza Blvd.
Worthington, OH 43085
(614) 431-2411
Fax (614) 431-1321

OKLAHOMA

John Schuster, Pres.
Software Solutions
1419-G N. Main
Altus, OK 73521
(405) 482-0046
Fax (405) 482-4313

Carol Heath, Owner
Memory Systems/Connecting Point
511 N. Aspen
Broken Arrow, OK 74012
(918) 258-8511
Fax (918) 251-1704

Monte Taylor, Serv. Mgr.
Enid Data Systems
201 N. Grand
Enid, OK 73701
(405) 233-1125
Fax (405) 233-6065

Chuck Taylor, Serv. Mgr.
Digital Equipment Corp.
1300 S. Meridian, Suite 200
Oklahoma City, OK 73108
(405) 945-3800
Fax (405) 945-3892

Bob Alfson, Serv. Mgr.
MediaSoft Inc.
7510 Broadway Ext., Suite 206
Oklahoma City, OK 73116
(405) 842-7512
Fax (405) 843-5682

Dave Haney, Serv. Mgr.
MicroAge
210 W. Park Ave., Suite 3100
Oklahoma City, OK 73102
(405) 272-9655
Fax (405) 272-9320

Mike Colibert, VP
Precision Computer Service Inc.
4344 Charter Ave.
Oklahoma City, OK 73108
(405) 943-3900
Fax (405) 943-5816

Jerry Stromski, Mgr.
Tandy Service Center 40-7491
2025 S. Nicklas, Suite 114
Oklahoma City, OK 73128
(405) 681-0067
Fax (405) 681-9755

Ron Harris, Serv. Mgr. 
Valcom
4334 N.W. Expressway, Suite 101
Oklahoma City, OK 73116-1515
(405) 720-2433
Fax (405) 720-2436

Steven R. Brown, Mgr.
Bull HN
12101 E. 51st St. #101
Tulsa, OK 74146
(918) 254-1210
Fax (918) 254-1124

Chuck Taylor, Serv. Mgr.
Digital Equipment Corp.
4200 E. Skelly Dr., Suite 400
Tulsa, OK 74135
(405) 945-3800
Fax (405) 491-3198

Art Abington, Owner
Entre Computer Center
6125-D S. Sheridan
Tulsa, OK 74133
(918) 495-1234
Fax (918) 491-6641

Earl Culver, Mgr. Network Control Center (NAC)
Memorex Telex Corp. (NCC)
4242 S. Sheridan Road
Tulsa, OK 74135
(918) 628-2296
Fax (918) 628-3222

Lynn Poole, Mgr. Tech. Asst. Center
Memorex Telex Corp. (TAC)
4242 S. Sheridan Road
Tulsa, OK 74135
(918) 628-2220
Fax (918) 628-3222

OREGON

Ray Sprier, Serv. Mgr.
ComputerLand of Central Oregon
20360 Empire Ave.
Bend, OR 97701
(503) 388-2626
Fax (503) 388-2765

Judy Sargent, Pres.
Northwest Computer Support
42 Centennial Way
Eugene, OR 97401
(503) 484-2088
Fax (503) 484-1238

Paul Rosenfeld, Serv. Mgr.
OmniTek Computers of Eugene
1011 Valley River Way
Suite 107A
Eugene, OR 97401
(503) 342-1298

Fax (503) 343-0634
Glen Scheele, Mgr.
Blue Mountain Computer
1403 Adams Ave.
La Grande, OR 97850
(503) 963-9251
Fax (503) 963-8590

Michael O'Quin, Pres.
Computer Man Inc., The
2800 Alameda St.
Medford, OR 97504
(503) 772-8716
Fax (503) 779-0030

Loren Elston, Dist.Serv. Mgr.
Bull HN Information Systems
711 N.E. Halsey
Portland, OR 97232
(206) 431-0404
Fax (206) 243-8228

Jeff Raws, Serv. Mgr.
Computer Service Group
1340 S.W. Bertha Blvd.
Portland, OR 97219
(503) 452-9833
Fax (503) 452-0573

Darren B. Tinson, Tech. Serv. Mgr.
Entex Information Services Inc.
1200 N.W. Front Ave., Suite 140
Portland, OR 97209-2800
(503) 241-8525
Fax (503) 241-8414

Bill Lambert, Serv. Mgr.
Intelogic Trace Portland
6601 N.E. 78th Ct.
Portland, OR 97218
(505) 255-4808
Fax (505) 761-5015

Jeff Ezzell, Serv. Mgr.
McLoughlin Computer Center
3637 N.E. Sandy Blvd.
Portland, OR 97232
(503) 231-0454
Fax (503) 231-2547

Bill Swiger, Serv. Mgr.
Omega Office Systems Inc.
1234 S.W. Morrison St.
Portland, OR 97205
(503) 243-2800
Fax (503) 227-1677

Loren Elston, Dist.Serv. Mgr.
Bull HN Information Systems
185 Kanuku Ct. S.E.
Salem, OR 97306
(206) 431-0404
Fax (206) 243-8228

Chuck Kernan, Serv. Mgr.
Northwest Computer Support
3000 Market St., N.E., # 228
Salem, OR 97301
(503) 375-2818
Fax (503) 375-6349

William Bender, Serv. Mgr.
Digital Equipment Servicenter
7995 S.W. Mohawk St.
Taulatin, OR 97062
(503) 691-3443
Fax (503) 691-3215

Tracie Hess, Serv. Mgr.
Tandy Service  40-0901
29400 S.W. Town Center Lp
Wilsonville, OR 97070
(503) 682-8130
Fax (503) 682-8127

PENNSYLVANIA

Peter F. Bilotta, Mgr. Repair Oper.
American Computer Repair Inc.
6330 Farm Bureau Road
Allentown, PA 18106-9223
(610) 391-0110
Fax (610) 391-0431

David L. Wetz, Owner
PC Works Plus
1406 11th Ave.
Altoona, PA 16601
(814) 949-9750
Fax (814) 949-9640

Robert Elbin, Serv. Mgr.
Entr‚ Computer Center
P.O. Box 332, Clark Bldg. #2
Bedford, PA 15522
(814) 623-6540
Fax (814) 623-2219

Pat Thompson, Serv. Mgr.
Digital Servicenter
512 Township Line Road
3 Valley Sq.
Blue Bell, PA 19422
(215) 542-3527
Fax (215) 542-3112

John Bradley, Mgr. Sys. Engineer
Sunrise Computers/Connecting Point
3424 Simpson Ferry Road
Camp Hill, PA 17011
(717) 975-7801
Fax (717) 975-7830

Russell A. Cooper, Serv. Mgr.
ComputerLand
1650 Limekiln Pike
Dresher, PA 19025
(215) 540-9760
Fax (215) 540-9850

Chuck Mangus, Serv. Mgr.
Pandya Computers Inc.
2 Kimball Plz.
West William Penn Hwy
Ebensburg, PA 15931
(814) 472-6685
Fax (814) 472-7460

Ray Jatres, Dir. of Serv. Sales
MicroAge of Exton
757 Springdale Dr., P.O. Box J
Whiteland Business Park
Exton, PA 19341
(610) 594-7303
Fax (610) 524-9455

Eric Lewis, VP
Springhouse Systems Integration Inc.
75 E. Uwchlan Ave., Suite 111
Marsh Creek Corp. Ctr.
Exton, PA 19341
(610) 594-9221
Fax (610) 594-9223

Michael McWhirter, Pres./CEO
Computer Forum
490 Lancaster Ave
Frazer, PA 19355
(610) 640-9833
Fax (610) 640-9834

Margaret Ernst, Serv. Mgr.
ComputerLand of Pittsburgh
5410 Rte. 8
Gibsonia, PA 15044
(412) 443-6799
Fax (412) 443-1730

Scott Winters, Serv. Mgr.
Advanced MicroSolutions Inc.
600 Carlisle St.
Hanover, PA 17331
(717) 633-6767
Fax (717) 633-5143

Joseph Valentino, Pres.
Valens Business Machines Inc.
1914-24 Parker Ave.
Holmes, PA 19043
(610) 237-1570
Fax (610) 532-9951

Ben Grissonger, Ptnr./Owner
Country Systems
R.D. #4, Box 167B3
Huntingdon, PA 16652
(814) 643-6341
Fax (814) 643-6235

John R. D'Antuono, Brach Serv. Mgr.
Entex Information Systems
629 Clark Ave.
King of Prussia, PA 19406
(302) 324-4200
Fax (302) 324-4214

Bob Calder, Serv. Mgr.
Tandy Service Center #40-7190
145 W. Dekalb Pike
King of Prussia, PA 19406
(610) 962-3240
Fax (610) 962-5450

Jeff Lyons, Serv. Mgr.
Computer Guidance Inc. d/b/a MicroAge
22A E. Roseville Road, Sterling Ctr.
Lancaster, PA 17601
(717) 560-7600
Fax (717) 560-7603

Timothy Hoyle, Serv. Mgr.
Blue Chip Technologies
168 W. Ridge Pike
Limerick, PA 19468
(610) 489-4007
Fax (610) 489-6538

Jack McFeeley, Dist. Mgr.
BSC Pitttsburgh
120 Marguerite Dr.
Mars, PA 16046
(412) 772-2217
Fax (412) 772-9640

Steven Stecko, Mgr.
Tandy Service 40-7737
5676 Steubenville Pike, Suite C
McKees Rocks, PA 15136
(412) 788-0599
Fax (412) 788-0634

Matthew J. Pickart, Serv. Dir.
ComputerLand
4909 Louise Dr., Suite 101
Mechanicsburg, PA 17055
(717) 795-2400
Fax (717) 795-2422

Edward Bilder Jr., Serv. Mgr.
Quinn Computer & Supply Inc. d/b/a MicroAge Computer Center
210 Montage Mt. Road
Moosic, PA 18507
(717) 347-6050
Fax (717) 347-0982

Richard Cluelow, Serv. Mgr.
CompUSA
103 Franklin Blvd.
Philadelphia, PA 19154
(215) 824-2888
Fax (215) 824-2945

Richard Harrold, Serv. Mgr.
CompUSA
1165 McKinney Lane
Parkway Center Mall
Pittsburgh, PA 15220
(412) 928-2450
Fax (412) 928-2212

Scott Kauffman, Serv. Mgr.
Compsource Inc.
546 Penn Ave.
Reading, PA 19611-1036
(215) 375-4231
Fax (215) 375-6213

Steve Netsky, Serv. Mgr.
Micro Electronics Inc.
550 E. Lancaster Ave.
St. Davids, PA 19087
(215) 939-8412
Fax (215) 989-8417

Charles Gasser Jr., Serv. Mgr.
Educational Computer 
Concepts Inc./TCBC
130 W. Main St., Suite 151
Trappe, PA 19426
(215) 489-2227
Fax (215) 489-3530

Joseph Castalli, VP/Opers.
Intellicom Inc.
34 S. Main St.
Wilkes Barre, PA 18701
(717) 823-5111
Fax (717) 823-5440

Tom Applegate, Serv. Mgr.
Northeast Micro
222 Wilkes-Barre Twp. Blvd.
Wilkes-Barre, PA 18702-6706
(717) 826-7060
Fax (717) 826-9089

Matthew J. Betts, Serv. Mgr.
ComputerLand
1754 E. Third St.
Williamsport, PA 17701
(717) 327-9000
Fax (717) 322-2200

Bill Moore, Serv. Mgr.
Micro Recovery Services Inc.
Entr‚ Computer Center
1105 Berkshire Blvd.
Wyomissing, PA 19610-1242
(610) 374-4424
Fax (610) 374-3528

RHODE ISLAND

Doug Dwelly, Serv. Mgr.
ComputerLand
70 Catamore Blvd.
E. Providence, RI 02914
(401) 435-1400

Ren‚ Fuentes, CS Mgr.
Digital Equipment Corp.
5 Catamore Blvd.
E. Providence, RI 02914
(401) 431-4137 
Fax (401) 438-0290

John R. Ramos, Serv. Mgr.
Tandy Service
1023 Waterman Ave.
E. Providence, RI 02914
(401) 434-9364
Fax (401) 434-9367

Mark J. Ramsey, Serv. Mgr.
CompuCenter of NE Inc.
Entr‚ Computer Center
205 Lambert Lind Hwy.
Warwick, RI 02886-1164
(401) 738-4950
Fax (401) 738-3764

Michael S. Silvia, Serv. Mgr.
CompUSA
945 Bald Hill Road
Warwick, RI 02886
(401) 827-5101
Fax (401) 827-5198

Joe Dicenzo, Serv. Mgr.
Software Center of R.I. Inc.
2105 Post Road
Warwick, RI 02886
(401) 738-9800
Fax (401) 738-6525

SOUTH CAROLINA

Gary Nosotti, Field Engineer
Bull HN Inc.
1529 Hwy. 7, Suite 2
Charleston, SC 29407
(803) 556-1376

Gary Kendrick, Serv. Mgr.
Computer Sales & Services Inc.
412 Veterans Road, # E
Columbia, SC 29209
(803) 783-4444
Fax (803) 783-8777

Brian W. Douglas, Serv. Mgr.
Carolina MicroSystems/TCBC
1200 Woodruff Road, #C29
Greenville, SC 29607
(803) 574-4100
Fax (803) 288-7352

Craig Bailey, Serv. Mgr.
McCall Thomas Computers/ValCom Computer Center
1380 John C. Calhoun Dr.
Orangeburg, SC 29115
(803) 536-1184
Fax (803) 531-4890

Damon McIntire, Serv. Mgr.
Ross Computer Services
102 Colonial Plz. Dr.
Seneca, SC 29678
(803) 882-9871
Fax (803) 882-0253

Robert Baker, Field Serv. Mgr.
D.E.C.S.
380 Powell Mill Road
Spartanburg, SC 29301
(803) 576-8065
Fax (803) 576-8095

SOUTH DAKOTA

Mike Mouson
DataNet
3809 S. Western Ave.
P.O. Box 88308
Sioux Falls, SD 57105
(605) 338-5263
Fax (605) 338-7130

Keith Sandvall, Serv. Mgr.
Ultra Connecting Point
P.O. Box 88207
Sioux Falls, SD 57105-8207
(605) 361-8881
Fax (605) 361-5177

Richard Heir, Serv. Mgr.
Ultra Inc./Connecting Point
504 10th Ave., S.E.
Watertown, SD 57201
(605) 882-1555
Fax (605) 882-2574

TENNESSEE

Delano Glovick, Serv. Mgr.
Systems Maintenance Inc. (Nashville)
1135 Bell Road, Suite 305
Antioch, TN 37013
(615) 731-9190
Fax (615) 731-3224

Tom Long, Serv. Mgr.
Memorex Telex
3080 Hwy. 75
Blountville, TN 37617
(615) 323-0806
Fax (615) 239-9060

Les Wise, Serv. Mgr.
Inacomp Computer Centers
5107 Maryland Way
Brentwood, TN 37027
(615) 373-5667
Fax (615) 370-4163

Chuck Parks, Serv. Mgr.
Digital Equipment Corp.
5959 Shallowford Road, Suite 401
Chattanooga, TN 37421
(615) 892-2603
Fax (615) 892-8674

Don A. Seruggs, Jr., Serv. Mgr.
Inacomp Computer Centers
6025 Lee Hwy., Suite 447
Chattanooga, TN 37421
(615) 899-5032
Fax (615) 899-5539

Bob Glantz, Pres.
Serv-A-Comp Inc.
1813 S. Market St.
Chattanooga, TN 37408
(615) 265-8010
Fax (615) 265-2242

Jason Langston, Serv. Mgr.
Systems Maintenance Inc.
5700 Brainerd Road
5800 Bldg., Suite 550
Chattanooga, TN 37411
(615) 499-4199
Fax (615) 499-4398

Charles Butler, Serv. Mgr.
ComputerLand of Jackson
364 N. Parkway, Suite 1
Jackson, TN 38305
(901) 668-8087
Fax (901) 668-8110

Lang Lee, CSE Specialist
Bull HN
116 Durwood Road
Knoxville, TN 37922
(615) 690-2235
Fax (615) 693-0715

David M.Glass, Dir. of Serv.
Computer Systems Plus
605 Sevier Ave.
Knoxville, TN 37920
(615) 753-5303
Fax (615) 573-8739

Chuck Parks, Serv. Mgr.
Digital Equipment Corp.
412 Executive Tower Dr., Suite 300
Knoxville, TN 37923-4699
(615) 694-2889
Fax (615) 694-2864

Martin DeLozier, Serv. Mgr.
MAC-1 Inc.
1113 Lovell Road
Knoxville, TN 37922
(615) 966-4143
Fax (615) 966-4167

Michael Walters, Serv. Mgr.
Systems Maintenance Inc.
9041 Executive Park, Suite 106
Knoxville, TN 37923
(615) 539-0133

Jim Lovingood, Serv. Mgr.
Tandy Service Center 40-7481
4512 Chapman Hwy
Knoxville, TN 37920
(615) 579-0606
Fax (615) 579-0546

Jim Overcast, Serv. Mgr.
Tennessee Computer Specialties
120 Perimeter Park
Knoxville, TN 37922
(615) 693-1555
Fax (615) 693-7870

Jim Hendricks, Repair Opers. Mgr.
Century Computer Marketing, Service & Logistics Div.
5170 E. Raines Road
Memphis, TN 38118
(901) 363-9755
Fax (901) 363-9758

Don Fuller, Serv. Mgr.
Computers & Networks Inc./TCBC
2771 Colony Park Dr.
Memphis, TN 38118
(901) 365-1362
Fax (901) 365-7396

George Moseley, Systems Tech.
Memphis Micro Services
2725 S. Mendenhall, Suite 7
Memphis, TN 38115-1530
(901) 375-4444
Fax (901) 375-1572

David Shaw, Serv. Mgr.
Vanstar
2620 Thousand Oaks Blvd.
Suite 1400
Memphis, TN 38118
(901) 363-1800
Fax (901) 363-4924

Ed Donahue, Dist. Mgr.
Bull Worldwide 
Information Systems Inc.
402 BNA Dr., Suite 100
Nashville, TN 37217
(615) 366-0745
Fax (615) 366-0723

Ron Harvey, Serv. Mgr.
ComputerLand
500 Lafayette St.
Nashville, TN 37203-4225
(615) 242-5263
Fax (615) 242-6483

Patrick Corby, Serv. Mgr.
Technology Express Inc./TCBC
804 Third Ave., S.
Nashville, TN 37210
(615) 242-9992
Fax (615) 244-4640

Mike Walters, Pres.
Applied Technical Solutions Inc.
P.O. Box 249
Strawberry Plains, TN 37871
(615) 933-0292
Fax (615) 933-2824

TEXAS

Allen Platt, Serv. Mgr.
MicroAge Computer Centers
619 S. Tyler St., Suite 100
Amarillo, TX 79101-2345
(806) 374-4868
Fax (806) 379-6026

Jim Brown, Serv. Mgr.
CompUSA
1301 N. Collins, # 315
Arlington, TX 76011
(817) 469-4700
Fax (817) 469-4780

Wendy Hayes, Serv. Mgr.
Austin Ribbon & Computer 
Supplies Inc.
1101 W. Anderson Lane
Austin, TX 78757
(512) 452-0651
Fax (512) 452-0691

David Daniel, Serv. Mgr.
CompUSA
9503 Research Blvd., Suite 300
Austin, TX 78759-6515
(512) 502-6805
Fax (512) 502-6849

Len Bejtlich, Serv. Mgr.
Matrix Components Technologies
13581 Pond Springs Road
Suite 315
Austin, TX 78729
(512) 258-7590
Fax (512) 219-0021

Paul Yelle, Serv. Mgr.
SabreData Inc.
1321 Rutherford Land
Suite 200
Austin, TX 78753
(512) 835-1152
Fax (512) 339-7613

Michael Osborne, Serv. Mgr.
ComputerLand of Beaumont
4699 Calder Ave.
Beaumont, TX 77706
(409) 899-4438
Fax (409) 892-1743

John Alvarado, Serv. Mgr.
MicroAge Computer Stores
44 W. Jefferson
Brownsville, TX 78520
(210) 542-0532
Fax (210) 541-1263

Cytronics Technology Inc.
1225 E. Crosby Road, # B-4
Carrollton, TX 75006
(214) 446-0013
Fax (214) 446-0058

Shawn Frenz
ComputerLand
209 University Dr., E.
College Station, TX 77840
(409) 260-2664
Fax (409) 260-1382

Stana Steen, Serv. Mgr.
Paige Computers Inc.
1220 Airline Road, Suite 180
Corpus Christi, TX 78412
(512) 993-8531
Fax (512) 991-1379

Richard A. Valenta, Serv. Mgr.
Eagen Enterprises Inc.
11704 Cypress N. Houston Road
Cypress, TX 77429
(713) 469-0560
Fax (713) 469-0569

O'Grady Milner, Serv. Mgr.
Allstar Systems
14202 Proton Road
Dallas, TX 75244
(214) 448-7000
Fax (214) 448-7007

Denise R. Vick, Serv. Mgr.
Alrac Inc.
7616 LBJ Frwy., Suite 407
Dallas, TX 75250-1108
(214) 934-3677
Fax (214) 934-3676

Dave Preston, Serv. Mgr.
CompUSA
15160 Marsh Lane
Dallas, TX 75234
(214) 406-4758
Fax (214) 919-4664

Don Birdsong, MCS Mgr.
Digital Equipment Corp.
14131 Midway Road, # 800
Dallas, TX 75244
(214) 404-6200
Fax (214) 404-6882

Roger Sullivan, Serv. Mgr.
InaCom Information Systems
16775 Addison Road
Dallas, TX 75248
(214) 250-2203
Fax (214) 380-9552

Bill Jones, Serv. Mgr.
SabreData Inc.
8701 John Carpenter Frwy., Suite 150
Dallas, TX 75247
(214) 631-1969
Fax (214) 637-1300

Jack Aitken, Pres.
Simplified Software Inc.
14330 Midway Road, Suite 212
Dallas, TX 75006
(214) 385-9997
Fax (214) 385-8005

Don Birdsong, Serv. Mgr.
Digital Equipment Corp.
8713 Airport Frwy., # 200
Fort Worth, TX 76180
(817) 577-6022
Fax (817) 577-6004

Lonnie Penry, Serv. Mgr.
Metroplex Information Systems Inc. 14500 Trinity Blvd., Suite 102
Fort Worth, TX 76155
(817) 540-3767
Fax (817) 571-5012

Michael Hillebrand, Mgr.
Tandy Service Center
115 One Tandy Center
Fort Worth, TX 76102
(817) 390-2731
Fax (817) 334-8128

Ed Furche, Owner / Pres.
University Computers
3409 W. Seventh St.
Fort Worth, TX 76107
(817) 870-2921
Fax (817) 870-2353

Frank Mendoza, Serv. Mgr.
Welch Computer Service Group dba Corporate Technology Group / ValCom Computer Center
1517 W. North Carrier Pkwy.
Suite 114
Grand Prairie, TX 75050-1251
(214) 660-8992
Fax (214) 660-6531

Willie Faulkner, Owner
Total Systems
Rte. 1  Box 25-I
Hallsville, TX 75650
(903) 668-3767
Fax (903) 668-3202

Shabbir Ali, VP of Serv.
Allstar Systems
6401 Southwest Frwy.
Houston, TX 77083
(713) 988-2000
Fax (713) 272-2140

Michael Jennings, Field Oper. Mgr.
Bringing Better Service
19416 Park Row, Suite 100
Houston, TX 77084
(713) 579-1899
Fax (713) 579-2753

Thomas Phillippi, Serv. Mgr.
Bull Information Systems
6611 Portwest, Suite 190
Houston, TX 77024
(713) 865-9500
Fax (713) 865-9563

Mort Petrushansky, Serv. Mgr.
E-C Computer Technical Services
8560 Howard Dr.
Houston, TX 77521
(713) 644-3600
Fax (713) 643-1825

Russell Woodruff, Serv. Mgr.
Entex Information Systems
2030 N. Loop W., Suite 100
Houston, TX 77018
(713) 686-0303
Fax (713) 686-0499

Stana Steen, Serv. Mgr.
Paige Computers Inc.
7625 Boone Road
Houston, TX 77072
(713) 933-8385
Fax (713) 933-3544

Greg Henry, Serv. Mgr.
Random Access Inc.
580 Westlake Park Blvd., Suite 1100
Two Westlake Park
Houston, TX 77079-2636
(713) 293-7070
Fax (713) 293-0020

Harry Vega, Serv. Mgr.
Seabrook Computer Center
18203 Egret Bay Blvd.
Houston, TX 77058
(713) 333-1433
Fax (713) 333-2221

Shelby Wagner, Sales Mgr.
SQL Business Systems Inc.
17171 Park  Row, Suite 210
Houston, TX 77084
(713) 578-7410
Fax (713) 578-7413

Alvin Olson, Mgr.
Tandy Consumer Service
3908 Bissonnet
Houston, TX 77005
(713) 665-1634
Fax (713) 665-3406

Peter Ko, Serv. Mgr.
Tandy Service
12061 I 45 N.
Houston, TX 77060
(713) 872-5262
Fax (713) 875-5810

Les Cooper, VP
TechExpress
3724 FM 1960 W.
Suite 101A
Houston, TX 77068
(713) 583-0007
Fax (713) 580-6141

Lex Darr, Serv. Mgr.
Vanstar
7676 Hillmont, Suite 190
Houston, TX 77040
(713) 939-3561
Fax (713) 939-3566

Allen Williams, Owner
AW Computer Services
3575 N. Beltline , # 341
Irving , TX 75062
(214) 762-0671
Fax (214) 986-8734

Bill Zachary, Mgr.
Computer Service Center
1608 Sidney Baker
Kerrville, TX 78028
(210) 257-4800
Fax (210) 257-4825

Merle Browning, Owner
Kingwood Computer Center
1337 Kingwood Dr.
Kingwood, TX 77339
(713) 359-6255
Fax (713) 359-6256

Allen Browning, Serv. Mgr.
PC Connexion
603 E. Main, Suite B
League City, TX 77573
(713) 332-4798
Fax (713) 332-3818

Patrick Parrish, Owner
Digital Diagnostics
3602 Slide Road, #B8
Lubbock, TX 79414
(806) 797-4182
Fax (806) 797-4192

John Games, Serv. Mgr.
MicroAge Computer Center
3705 19th St.
Lubbock, TX 79410
(806) 799-5400
Fax (806) 799-5590

Kevin Crosson, Serv. Mgr.
Expanding Computer Solutions
2203A N. Big Spring
Midland, TX 79705
(915) 685-0861
Fax (915) 685-1385

Ronald Smith, Serv. Mgr.
ValCom Computer Center
Six Desta Dr., Suite 1350
Midland, TX 79705
(915) 687-5424
Fax (915) 682-7741

Ron Smith, Serv. Mgr.
Valcom Computer Center
6 Desta Dr., Suite 1350
Midland, TX 79705
(915) 687-5424
Fax (915) 682-7741

Jimm Carrasco, Serv. Mgr.
Valcom Computer Center
4015 J.B.S. Pkwy.
Odessa, TX 79762
(915) 367-0726
Fax (915) 362-8359

David Moore
C&I Computer Services Inc./TCBC
3800 Hwy. 365, Suite 119
Port Arthur, TX 77642
(409) 727-4113
Fax (409) 727-6110

David Ward, Serv. Mgr.
CalTech Software System Inc.
3330 W. Loop 306
San Angelo, TX 76904
(915) 947-2148
Fax (915) 947-2264

Thomas Phillippi, Serv. Mgr.
Bull Information Systems
404 Ramsey , Suite 202
San Antonio, TX 78216
(713) 865-9500
Fax (713) 865-9563

Mark Albrecht, Serv. Mgr.
CompuCom
8000 1 H 10 W., Suite 210
San Antonio, TX 78230
(210) 530-9555
Fax (210) 530-0467

Tina Ross, Serv. Mgr.
Inacom Information System
3355 Cherry Ridge St., Suite 212
San Antonio, TX 78230-4818
(210) 340-8391
Fax (210) 377-1042

Mike Doss, Serv. Mgr.
Micro-Fix Inc.
2241 N.W. Military Hwy., # 302
San Antonio, TX 78213
(210) 525-1902
Fax (210) 377-1259

Patrick Kimbrell, Serv.Mgr.
SATG
4115 Medical Dr., Suite 602
San Antonio, TX 78229
(210) 692-7284
Fax (210) 692-3700

Jim Seawand, Serv. Mgr.
Tandy Service 40-0820
6876 Alamo Downs Pkwy.
San Antonio, TX 78238
(210) 684-8224
Fax (214) 684-6310

Frank Quijano, Dir.
UTHSC-SA - Instrumentation Services
7703 Floyd Curl Dr.
San Antonio, TX 78284-7926
(210) 567-2980
Fax (210) 567-2982

Greg Lebahn, Sr. Branch Serv. Mgr.
Vanstar
12500 Network Blvd., Suite 107
San Antonio, TX 78249
(210) 561-8900
Fax (210) 561-8914

Tom Wagnitz
Computer Ventures/Connecting Point
2001-B Loy Lake Road
Sherman, TX 75090
(903) 868-9411
Fax (903) 813-0110

UTAH

Pat Hofeling, Mgr.
Tandy Service Center 40-0313
5157 S. 300 W.
Murray, UT 84107
(801) 268-6938
Fax (801) 268-0565

John F. Horvath, Dist. Mgr.
HFSI - Ogden
1539 W. Pleasant View
Ogden, UT 84414
(719) 599-8342
Fax (719) 590-9081

Bill Carlson, Lead Field Tech.
CompuCom
1600 W. 220 S. #107
Salt Lake City, UT 84119
(801) 977-9555
Fax (801) 977-9592

Glen E. Ebert, Sr. Customer Resource Engineer
Wang
3702 W. 2100 S.
Salt Lake City, UT 84120
(801) 975-2681
Fax (801) 974-3175

Casey Snyder, Serv. Mgr.
Use It Again
9009 S. State St.
Sandy, UT 94070
(801) 561-0504
Fax (801) 569-8743

VIRGINIA

Michael Russell, Tech. Mgr.
CompUSA
5901 Stevenson Ave.
Alexandria, VA 22304-3303
(703) 212-6500
Fax (703) 212-6545

Mark S. Stanley, Serv. Mgr.
Atlantic Computers Inc.
841 Juniper Crescent, Suite 101
Cheasapeake,  VA 23320
(804) 420-0202
Fax (804) 420-6684

Paul Thorpe, Dist. Mgr.
HFSI
816 Greenbriar Circle , Suite 100
Chesapeake, VA 23320
(804) 523-5314
Fax (804) 523-0422

Adam Pressman, Dir. Tech. Resources
Microdec Computer Center
10306 Eaton Place, Suite 130
Fairfax, VA 22030
(703) 934-2930x114
Fax (703) 934-2939

John R. Ale, Pres.
Richards Computer
8630-G Lee Hwy.
Fairfax, VA 22031
(703) 876-5355
NO FAXES PLEASE

Henri Casanova, Serv. Mgr.
International Computer Networks
8394A Terminal Road
Newington, VA 22122
(703) 550-0100
Fax (703) 550-7697

Robert Allen Hewes, Serv. Mgr.
CompUSA
5957-15 E. Virginia Beach Blvd.
Norfolk, VA 23502-2463
(804) 455-5036
Fax (804) 455-4949

Robert Amster, Serv. Mgr.
Computer Works
314 Exchange Ave.
Petersburg, VA 23803
(804) 861-1010
Fax (804) 732-2582

Myron Reinert, Sr. Serv. Engineer
Bull
8814 Fargo Road
Richmond, VA 23229
(804) 673-1933
Fax (804) 673-7520

Johnny A. Harrison, Pres.
Computer Field Support Inc.
7405 Whitepine Road
Richmond, VA 23237
(804) 275-6603
Fax (804) 275-0036

Jeff Giadone, Serv. Mgr.
Digital Equipment Corp. PC Servicenter
2809 Emerywood Pkwy.
Suite 200
Richmond, VA 23294-3719
(804) 756-5218
Fax (804) 756-5295

Frank Cupp, Sr. Serv. Mgr.
Entr‚ Computer Center / Roanoke
3846 Electric Road, S.W.
Roanoke, VA 24018
(703) 989-6000
Fax (703) 989-9798

Bryan Stephenson, Mgr.
Tandy Service 40-7166
4054 Franklin Road, Suite D
Roanoke, VA 24014
(703) 772-4460
Fax (703) 772-4460

Bernie Newman, Serv. Mgr.
Integrated Systems Group Inc.
1952 Gallows Road, Suite 110
Vienna, VA 22182
(703) 790-1444
Fax (703) 506-1719

Tim MacCartney, Serv. Mgr.
Whitlock Group, The
230 Clearfield Ave., Suite 117
Viginia Beach, VA 23462
(804) 557-0007
Fax (804) 473-8513

Larry Bryant, Serv. Mgr.
Computer Dynamics Inc.
4452 Corporation Lane
Virginia Beach, VA 23462-3173
(804) 490-1234
Fax (804) 490-8353 

Dan Furlough, Serv. Mgr.
Digital Equipment Corp.
4417 Corporation Lane
Suite 120
Virginia Beach, VA 23462
(804) 473-5431
Fax (804) 473-5438

VERMONT

Robert Kneebone, Serv. Mgr.
Bull HN Information Systems
208 Flynn Ave.
Burlington, VT 05401
(802) 864-8150

Howard Bunzey, Serv. Mgr.
Computers Plus
35 King St.
Burlington, VT 05401
(802) 863-5633
Fax (802) 863-5615

Randy Bybee, Computer Serv. Mgr.
RE Willey Computer Services
2301 S. 300 W.
Salt Lake City, VT 84115
(801) 464-2366
Fax (801) 461-3849

Kevin J. Carr, Serv. Mgr.
Computeam Inc./TCBC
3000 Williston Road
South Burlington, VT 05403
(802) 862-2802
Fax (802) 865-9996

David Rose, VP
InaCom Information Systems
1860 Williston Road
South Burlington, VT 05403
(802) 862-0158
Fax (802) 862-8413

Steve Jacobs, Serv. Mgr.
ComputerLand
299-24 Williston Road
Williston, VT 05495
(802) 879-2552
Fax (802) 879-2866

WASHINGTON

Lester Elsbree, Serv. Mgr.
Inacomp Computer Centers
1525 132nd Ave., N.E., Suite B
Bellevue, WA 98005
(206) 451-3780
Fax (206) 451-2706

Brian Peterson, Serv. Mgr.
Micro Options ValCom Computer Center
13226 - S.E. 30th St.
Bellevue, WA 98005
(206) 643-2112
Fax (206) 641-5881

Sam Mecham, Owner
Multi Sector Service
Box 85
Grapeview, WA 98546
(206) 275-0551
Fax (206) 779-3350

Gary A. Washington, Owner
Washington Computer Services
22440 Benson Road, S.E.
Suite A-2
Kent, WA 98031
(206) 813-0631
Fax (206) 813-0631

Mark Grindstaff, Serv. Mgr.
Business Computer System Rentals (BSCR)
11335 N.E. 122nd Way, Suite N5
Kirkland, WA 98034-6919
(206) 641-0512
Fax (206) 821-8234

Mark Guffey, Serv. Mgr.
Tandy Service dba: Computer 
City Service
12526-A Totem Lake Blvd.
Kirkland, WA 98034
(206) 821-3047
Fax (206) 820-1640

Charles Jackson, Tech. Mgr.
CompUSA
6007 Gateway Pl.,  244th St. 
Mountlake Terrace, WA 98043-5453
(206) 744-0165
Fax (206) 744-2549

Terry Woodward, Serv. Mgr.
Other Guys Inc., The
412 Cherry St., S.E.
Olympia, WA 98501
(206) 943-5118
Fax (206) 943-4890

Jeff Neimester, Serv. Mgr.
Entex Information Services
One Microsoft Way
Redmond, WA 98052
(206) 936-2805
Fax (206) 936-6937

Jim McMaster, Serv. Mgr.
Tynet Inc.
14935 N.E. 95th
Redmond, WA 98052
(206) 881-1815
Fax (206) 881-2801

Cascade Computer Maintenance
5507 6th Ave. S.
Seattle, WA 98108
(206) 767-3077
Fax (206) 767-3166

Mark Murakami, Serv. Mgr.
Corporate Computer Inc.
11300 25th Ave., N.E.
Seattle, WA 98125-6639
(206) 365-3113
Fax (206) 365-2526

Roger Huggins, Serv. Mgr.
Datec Inc. / Computer Bay
364 Upland Dr.
Seattle, WA 98188
(206) 575-1470
Fax (206) 575-1475

Michael D. Bowman, Pres.
Entr‚ Computer Center
12720 Gateway Dr., Suite 102
Seattle, WA 98168
(206) 433-0883
Fax (206) 433-0913

Clark Douglas, Sr. Branch Serv. Mgr.
Vanstar Corp.
600 University St.
Seattle, WA 98101
Fax (206) 464-1423

Duane Wiles, Serv. Mgr.
Spokane Computer Inc.
915 W. 2nd Ave.
Spokane, WA 99204
(509) 624-4248
Fax (509) 624-0139

Scott Mallard, Serv. Mgr.
C.T. Compu-Tech
2107 S. 12th
Tacoma, WA 98405
(206) 383-6346
Fax (206) 383-9792

Robert Dodson, Serv. Mgr.
Northwest Computer Support
3820 Pacific Ave.
Tacoma, WA 98408
Fax (206) 472-1948
(206) 472-1951

Michael Foley, Serv. Mgr.
Northwest Computer Support
975 Industry Dr., Bldg. 31E
Tukwila, WA 98188
(206) 575-9511
Fax (206) 575-3128

Loren Elston, Dist.Serv. Mgr.
Bull HN Information Systems
12866 Interurban Ave. S.
Tukwilla, WA 98168
(206) 431-0404
Fax (206) 243-8228

Joe Kaiser, Serv. Mgr.
Computer Program Services
15 W. Yakima Ave., Suite 200 W.
Yakima, WA 98909
(509) 248-4080
Fax (509) 248-2292

WISCONSIN

Marie Tourville, Serv. Mgr.
Connecting Point
216 N. Keller Ave.
Amery, WI 54001
(715) 268-8159
Fax (715) 268-2064

Mike Dewitt, Serv. Mgr.
TCBC - HSI Business Ctr.
1901 Beaser Ave.
Ashland, WI 54806
(715) 682-8830
Fax (715) 682-8864

Bill Moulas, Serv. Mgr.
CompUSA
17300 Blue Mound Road
Brookfield, WI 53005
(414) 821-3801
Fax (414) 821-3720

Gil Loppnow, Serv. Mgr.
Digital Equipment Corp.
150 N. Patrick Blvd.
Brookfield, WI 53045
(414) 792-2550
Fax (414) 792-2574

Jon Kleppe, Gen'l. Mgr.
Technology Resource Center
13710 W. Capitol Dr.
Brookfield, WI 53005
(414) 781-5900
Fax (414) 781-5657

Dale Pocernich, Serv. Mgr.
ComputerLand of Eau Claire
3610 Mall Dr.
Eau Claire, WI 54701
(715) 835-8082
Fax (715) 835-1844

Craig Overbox, Serv. Mgr.
EDP Computer Systems
2425 Seymore Road
Eau Claire, WI 54703
(715) 831-2400
Fax (715) 831-2410

Michael Schaefer, Tech. Serv. Mgr.
Computer Services Inc.
1218 S. Military Ave.
Green Bay, WI 54304
(414) 498-7120
Fax (414) 498-6230

Maurice Woodmansee, Serv. Mgr.
Connecting Point
529 N. Monroe, P.O. Box 248
Green Bay, WI 54305-0248
(414) 435-2335
Fax (414) 435-3619

Paul G. Bittorf, Serv. Mgr.
Entr‚ Computer Center
1945 W. Broadway
Madison, WI 53713
(608) 221-2622
Fax (608) 221-3230

Martin Howard, Serv. Mgr.
Vanguard Computers of Madison / Computer Bay
1010 Stewart St.
Madison, WI 53713
(608) 274-2226
Fax (608) 274-3436

John Schriml, Serv. Mgr.
Wang
2801 Coho St., Suite 101
Madison, WI 53713
(608) 271-6458
Fax (608) 271-3643

Todd Tuma, Serv. Mgr.
Allied Computer Group
700 W. Virginia
Milwaukee, WI 53204
(414) 223-8247
Fax (414) 223-1638

David Sandor, Location Serv. Mgr.
AmeriData
126 N. Jefferson St., Suite 300
Milwaukee, WI 53202-6105
(414) 276-2200
Fax (414) 276-7002

Bob Patterson, Serv. Mgr.
BancTec Service Corp.
c/o Firstar Bank,
777 E. Wisconsin  Ave.
Milwaukee, WI 53202
(414) 765-5119
Fax (414) 765-4565

Karen Sandor, Serv. Mgr.
Entex Information Services
9163 N. 76th St.
Milwaukee, WI 53223
(414) 357-6442
Fax (414) 357-0525

William Mattes, Mgr.
Tandy Services 40-7137
7509 W. Oklahoma
Milwaukee, WI 53219
(414) 541-8417
Fax (414) 541-8472

David S. Smith, Serv. Mgr.
Connecting Point
816 N. 3rd St.
Wausau, WI 54403
(715) 848-3292
Fax (715) 848-2606

Chuck Richards, Serv. Mgr.
Wausau Computer Products Inc.
111 E. Thomas St., P.O. Box 1549
Wausau, WI 54402-1549
(715) 845-9300
Fax (715) 848-5300

Gregg Tushaus, Pres.
Tushaus Computer Serv.
10437 Innovation Services
Wauwatosa, WI 53226
(414) 476-7667
Fax (414) 476-6603

WEST VIRGINIA

Otis Stiwinter, Serv. Mgr.
Computer Care Inc.
629 Main St.
Charleston, WV 25302
(304) 342-4283
Fax (304) 342-7599

Tim Pell, Serv. Mgr.
Tandy Services
4104 MacCorkle Ave. S.E.
Charleston, WV 25304
(304) 925-4820
Fax (304) 925-6085

Greg Thomas, Serv. Mgr.
ComputerLand of Charleston
202 7th Ave.
South Charleston, WV 25303
(304) 744-7962
Fax (304) 744-1408

WYOMING

Russell Wood, Pres.
CPU Connecting Point
330 S. Walsh Dr.
Casper, WY 82609
(302) 235-6212
Fax (307) 235-0739

Randy McDonald, Serv. Mgr.
MicroAge
521 S.E. Wyoming Blvd.
Casper, WY 82609
(307) 235-6691
Fax (307) 235-5363

Chuch Siedenburg, Serv. Mgr.
Summit Technology
123 S. Beech St.
Casper, WY 82601
(307) 234-0408
Fax (307) 234-8995

Jim Nelson, Serv. Mgr.
THDR Inc. dba Connecting Point
1802 Dell Range Blvd.
Cheyenne, WY 82009
(307) 638-7777
Fax (307) 638-7447

Ron Haagengen, VP-Tech. Dir.
E & R Computers
309 Grand Ave.
Laramie, WY 82070
(307) 745-3949
Fax (307) 721-8130

GUAM

Stephen A. Reed, Pres.
PCS Connecting Point of Guam
162 A. B. Flores St.
Agana, GU 96910
011 (671) 477-3394
Fax 011 (671) 477-6778

Jimmy D. Thomas, Owner
American Computer Clinic
163 Santa Lourdes St.
Suite 201, PhilKraft Bldg.
Dededo, GU 96912
011-671-632-8239
Fax 011-671-632-8239

ALBERTA

Les Wingerter, Serv. Mgr.
MicroAge Computer Centers
1502 3rd Ave., S.
Lethbridge, AB T1J 0K8
(403) 328-0555
Fax (403) 328-9335

Darryl Ranger, Serv. Mgr.
MicroAge Computer Centres
5025 50th St.
Lloydminster, AB T9V 0L9
(403) 875-8880
Fax (403) 875-8898

NEW BRUNSWICK

Donald E. Williams, Serv. Mgr.
Williams Professional 
Computer Service
54 Warren Ave.
Riverview, NB E1B 3M3
(506) 386-1015
Fax (506) 387-4956

Paul Violette, Gen'l. Mgr.
MicroAge Computer Stores
216 Main St.
Bathurst, NB E2A 1A8
(506) 546-9943
Fax (506) 546-2399

ONTARIO

Dan Oster, Pres.
Osterworks Inc.
24 Highland Trail
Brampton, ON L6S 1P4
(905) 458-0814
Fax (905) 458-1459

Marty R. Milette, Pres./Dir.
Innovative Communications (Kingston) Ltd.
33 Charlotte St.
Carleton Place, ON K7C 1Y4
(613) 253-6330
Fax (613) 253-6335

Jean-Marie Dallaire
Bull HN Information Systems Ltd.
1900 City Park Dr., Suite 110
Gloucester, ON K1J 1A3
(613) 749-7752
Fax (613) 749-5451

Richard Blore, Mgr.
University of Western Ontario-Hardware Serv.
Natural Sci. Centre
London, ONT N6A 5B7
(519) 661-3027
Fax (519) 661-2121

Rita Aprile, Serv. Mgr.
IBA Microsystems Ltd.
7300 Warden Ave., Suite 106
Markham, ON L3R 9Z6
(905) 474-1862
Fax (905) 747-0006

William Robertson, Serv. Mgr.
Algoma Business Computers
417 Trunk Road
Sault Ste. Marie, ON P6A 3T1
(705) 759-8809
Fax (705) 759-3447

Scot Foster, Serv. Mgr.
Alumni Computer Group Ltd.
1911 Kennedy Road, Suite 203
Scarborough, ON M1P  2L9
(416) 292-0893
Fax (416) 292-1638

Jim Peart, Mgr. Tech Serv.
Compucentre Toronto Inc.
635 Queen St., E.
Toronto, ON M4M 1G4
(416) 778-1300
Fax (416) 778-9448

Ken Woo, Supervisor, Comm. Serv.
Ryerson Polytechnic University
350 Victoria St., AB48
Toronto, ON M5B 2K3
(416) 979-5000
Fax (416) 979-5220

YUKON

Clay Perreault, Pres. / Owner
Hypertech North Ltd.
Box 4098
Whitehorse, YT Y1A 3S9
(403) 668-7214
Fax (403) 633-6056

A+ Certification is a vendor-neutral, base level exam that attests to the 
competence of computer service technicians.  As of June, 1995, there were more 
than 15,000 A+Certified computer service technicians in the U.S. and Canada. 
As more companies switch to customer-oriented business philosophies, the A+ 
Certification program, now in its second year of operation, continues to make 
the grade as an industry standard for computer service technicians.

(A+ Service Center listings are updated quarterly.)

For more information contact:

Computing Technology Industry Association
450 E. 22nd St., Suite 230
Lombard, IL  60148-6158
Phone:  (708) 268-1818;  
Fax:  (708) 268-1384
<HR><CENTER><A HREF = "http://www.comptia.org/home.htm">Return 
to our Home PAGE</A></CENTER> </BODY> </HTML>


</DOC>